0001,0,[],[]
0002,0,[],[]
0002,1,[],[]
0003,0,[],[]
0004,0,[],[]
0006,0,[],[]
0007,0,[],[]
0007,1,[],[]
0007,2,[],[]
0007,3,[],[]
0007,4,[],[]
0009,0,[],[]
0010,0,[],[]
0011,0,[],[]
0011,1,[],[]
0011,2,[],[]
0012,0,[],[]
0012,1,[],[]
0012,2,[],[]
0013,0,[],[]
0014,0,[],[]
0014,1,[],[]
0015,0,[],[]
0015,1,[],[]
0016,0,[],[]
0016,1,[],[]
0016,2,[],[]
0017,0,[],[]
0018,0,[],[]
0018,1,[],[]
0019,0,[],[]
0019,1,[],[]
0019,2,[],[]
0019,3,[],[]
0020,0,[],[]
0021,0,[],[]
0021,1,[],[]
0021,2,[],[]
0022,0,[],[]
0023,0,[],[]
0023,1,[],[]
0023,2,[],[]
0023,3,[],[]
0024,0,[],[]
0024,1,[],[]
0024,2,[],[]
0024,3,[],[]
0024,4,[],[]
0025,0,[],[]
0026,0,[],[]
0028,0,[],[]
0028,1,[],[]
0028,2,[],[]
0028,3,[],[]
0029,0,[],[]
0029,1,[],[]
0029,2,[],[]
0031,0,[],[]
0031,1,[],[]
0031,2,[],[]
0031,3,[],[]
0032,0,[],[]
0033,0,[],[]
0034,0,[],[]
0034,1,[],[]
0035,0,[],[]
0035,1,[],[]
0035,2,[],[]
0037,0,[],[]
0038,0,[],[]
0038,1,[],[]
0039,0,[],[]
0039,1,[],[]
0040,0,[],[]
0041,0,[],[]
0041,1,[],[]
0042,0,[],[]
0042,1,[],[]
0042,2,[],[]
0043,0,[],[]
0044,0,[],[]
0044,1,[],[]
0045,0,[],[]
0045,1,[],[]
0045,2,[],[]
0046,0,[],[]
0047,0,[],[]
0047,1,[],[]
0048,0,[],[]
0049,0,[],[]
0050,0,[],[]
0050,1,[],[]
0051,0,[],[]
0052,0,[],[]
0053,0,[],[]
0054,0,[],[]
0054,1,[],[]
0055,0,[],[]
0056,0,[],[]
0057,0,[],[]
0057,1,[],[]
0059,0,[],[]
0059,1,[],[]
0059,2,[],[]
0060,0,[],[]
0060,1,[],[]
0061,0,[],[]
0061,1,[],[]
0062,0,[],[]
0062,1,[],[]
0064,0,[],[]
0065,0,[],[]
0066,0,[],[]
0066,1,[],[]
0068,0,[],[]
0068,1,[],[]
0069,0,[],[]
0069,1,[],[]
0071,0,[],[]
0071,1,[],[]
0072,0,[],[]
0073,0,[],[]
0073,1,[],[]
0074,0,[],[]
0074,1,[],[]
0074,2,[],[]
0074,3,[],[]
0075,0,[],[]
0076,0,[],[]
0077,0,[],[]
0077,1,[],[]
0077,2,[],[]
0078,0,[],[]
0079,0,[],[]
0080,0,[],[]
0081,0,[],[]
0082,0,[],[]
0083,0,[],[]
0083,1,[],[]
0083,2,[],[]
0084,0,[],[]
0084,1,[],[]
0084,2,[],[]
0085,0,[],[]
0085,1,[],[]
0085,2,[],[]
0085,3,[],[]
0086,0,[],[]
0086,1,[],[]
0086,2,[],[]
0087,0,[],[]
0087,1,[],[]
0089,0,[],[]
0090,0,[],[]
0090,1,[],[]
0091,0,[],[]
0091,1,[],[]
0092,0,[],[]
0092,1,[],[]
0092,2,[],[]
0093,0,[],[]
0093,1,[],[]
0093,2,[],[]
0093,3,[],[]
0094,0,[],[]
0095,0,[],[]
0095,1,[],[]
0096,0,[],[]
0097,0,[],[]
0097,1,[],[]
0097,2,[],[]
0097,3,[],[]
0097,4,[],[]
0098,0,[],[]
0099,0,[],[]
0100,0,[],[]
0101,0,[],[]
0102,0,[],[]
0103,0,[],[]
0103,1,[],[]
0103,2,[],[]
0104,0,[],[]
0105,0,[],[]
0106,0,[],[]
0106,1,[],[]
0107,0,[],[]
0110,0,[],[]
0110,1,[],[]
0110,2,[],[]
0112,0,[],[]
0113,0,[],[]
0113,1,[],[]
0113,2,[],[]
0113,3,[],[]
0113,4,[],[]
0114,0,[],[]
0114,1,[],[]
0115,0,[],[]
0116,0,[],[]
0117,0,[],[]
0117,1,[],[]
0118,0,[],[]
0118,1,[],[]
0119,0,[],[]
0119,1,[],[]
0120,0,[],[]
0120,1,[],[]
0120,2,[],[]
0121,0,[],[]
0122,0,[],[]
0122,1,[],[]
0123,0,[],[]
0123,1,[],[]
0123,2,[],[]
0123,3,[],[]
0124,0,[],[]
0124,1,[],[]
0125,0,[],[]
0125,1,[],[]
0126,0,[],[]
0126,1,[],[]
0126,2,[],[]
0126,3,[],[]
0126,4,[],[]
0127,0,[],[]
0127,1,[],[]
0128,0,[],[]
0128,1,[],[]
0128,2,[],[]
0129,0,[],[]
0130,0,[],[]
0130,1,[],[]
0130,2,[],[]
0130,3,[],[]
0130,4,[],[]
0130,5,[],[]
0130,6,[],[]
0131,0,[],[]
0131,1,[],[]
0131,2,[],[]
0131,3,[],[]
0132,0,[],[]
0132,1,[],[]
0133,0,[],[]
0133,1,[],[]
0134,0,[],[]
0134,1,[],[]
0135,0,[],[]
0135,1,[],[]
0137,0,[],[]
0137,1,[],[]
0138,0,[],[]
0138,1,[],[]
0139,0,[],[]
0139,1,[],[]
0140,0,[],[]
0140,1,[],[]
0141,0,[],[]
0142,0,[],[]
0142,1,[],[]
0143,0,[],[]
0143,1,[],[]
0143,2,[],[]
0144,0,[],[]
0144,1,[],[]
0145,0,[],[]
0145,1,[],[]
0145,2,[],[]
0145,3,[],[]
0145,4,[],[]
0146,0,[],[]
0146,1,[],[]
0146,2,[],[]
0147,0,[],[]
0147,1,[],[]
0148,0,[],[]
0148,1,[],[]
0148,2,[],[]
0149,0,[],[]
0150,0,[],[]
0150,1,[],[]
0150,2,[],[]
0150,3,[],[]
0150,4,[],[]
0151,0,[],[]
0151,1,[],[]
0151,2,[],[]
0151,3,[],[]
0152,0,[],[]
0152,1,[],[]
0152,2,[],[]
0153,0,[],[]
0154,0,[],[]
0155,0,[],[]
0155,1,[],[]
0155,2,[],[]
0156,0,[],[]
0156,1,[],[]
0157,0,[],[]
0158,0,[],[]
0159,0,[],[]
0160,0,[],[]
0160,1,[],[]
0160,2,[],[]
0160,3,[],[]
0160,4,[],[]
0160,5,[],[]
0160,6,[],[]
0160,7,[],[]
0160,8,[],[]
0160,9,[],[]
0160,10,[],[]
0160,11,[],[]
0161,0,[],[]
0162,0,[],[]
0163,0,[],[]
0163,1,[],[]
0164,0,[],[]
0164,1,[],[]
0165,0,[],[]
0165,1,[],[]
0165,2,[],[]
0166,0,[],[]
0168,0,[],[]
0168,1,[],[]
0168,2,[],[]
0169,0,[],[]
0169,1,[],[]
0169,2,[],[]
0170,0,[],[]
0170,1,[],[]
0170,2,[],[]
0170,3,[],[]
0171,0,[],[]
0171,1,[],[]
0172,0,[],[]
0172,1,[],[]
0172,2,[],[]
0172,3,[],[]
0173,0,[],[]
0173,1,[],[]
0173,2,[],[]
0174,0,[],[]
0174,1,[],[]
0175,0,[],[]
0176,0,[],[]
0177,0,[],[]
0177,1,[],[]
0177,2,[],[]
0178,0,[],[]
0179,0,[],[]
0179,1,[],[]
0179,2,[],[]
0180,0,[],[]
0181,0,[],[]
0181,1,[],[]
0182,0,[],[]
0182,1,[],[]
0183,0,[],[]
0183,1,[],[]
0183,2,[],[]
0183,3,[],[]
0183,4,[],[]
0183,5,[],[]
0184,0,[],[]
0185,0,[],[]
0186,0,[],[]
0186,1,[],[]
0187,0,[],[]
0187,1,[],[]
0187,2,[],[]
0187,3,[],[]
0187,4,[],[]
0187,5,[],[]
0187,6,[],[]
0187,7,[],[]
0187,8,[],[]
0187,9,[],[]
0187,10,[],[]
0187,11,[],[]
0187,12,[],[]
0187,13,[],[]
0187,14,[],[]
0187,15,[],[]
0187,16,[],[]
0187,17,[],[]
0187,18,[],[]
0187,19,[],[]
0187,20,[],[]
0188,0,[],[]
0189,0,[],[]
0192,0,[],[]
0192,1,[],[]
0193,0,[],[]
0194,0,[],[]
0194,1,[],[]
0195,0,[],[]
0195,1,[],[]
0195,2,[],[]
0196,0,[],[]
0197,0,[],[]
0197,1,[],[]
0197,2,[],[]
0199,0,[],[]
0199,1,[],[]
0200,0,[],[]
0201,0,[],[]
0202,0,[],[]
0202,1,[],[]
0203,0,[],[]
0203,1,[],[]
0203,2,[],[]
0204,0,[],[]
0204,1,[],[]
0204,2,[],[]
0204,3,[],[]
0205,0,[],[]
0205,1,[],[]
0206,0,[],[]
0207,0,[],[]
0208,0,[],[]
0208,1,[],[]
0208,2,[],[]
0208,3,[],[]
0209,0,[],[]
0209,1,[],[]
0209,2,[],[]
0209,3,[],[]
0210,0,[],[]
0210,1,[],[]
0211,0,[],[]
0211,1,[],[]
0212,0,[],[]
0212,1,[],[]
0212,2,[],[]
0212,3,[],[]
0212,4,[],[]
0213,0,[],[]
0214,0,[],[]
0215,0,[],[]
0215,1,[],[]
0216,0,[],[]
0216,1,[],[]
0217,0,[],[]
0218,0,[],[]
0218,1,[],[]
0218,2,[],[]
0218,3,[],[]
0219,0,[],[]
0219,1,[],[]
0219,2,[],[]
0219,3,[],[]
0219,4,[],[]
0220,0,[],[]
0221,0,[],[]
0222,0,[],[]
0222,1,[],[]
0222,2,[],[]
0222,3,[],[]
0222,4,[],[]
0222,5,[],[]
0222,6,[],[]
0222,7,[],[]
0222,8,[],[]
0222,9,[],[]
0222,10,[],[]
0223,0,[],[]
0223,1,[],[]
0224,0,[],[]
0224,1,[],[]
0224,2,[],[]
0224,3,[],[]
0225,0,[],[]
0225,1,[],[]
0225,2,[],[]
0226,0,[],[]
0226,1,[],[]
0227,0,[],[]
0227,1,[],[]
0227,2,[],[]
0227,3,[],[]
0227,4,[],[]
0227,5,[],[]
0227,6,[],[]
0227,7,[],[]
0228,0,[],[]
0229,0,[],[]
0229,1,[],[]
0229,2,[],[]
0229,3,[],[]
0229,4,[],[]
0231,0,[],[]
0231,1,[],[]
0231,2,[],[]
0231,3,[],[]
0232,0,[],[]
0232,1,[],[]
0232,2,[],[]
0232,3,[],[]
0232,4,[],[]
0233,0,[],[]
0233,1,[],[]
0234,0,[],[]
0235,0,[],[]
0235,1,[],[]
0235,2,[],[]
0235,3,[],[]
0235,4,[],[]
0235,5,[],[]
0235,6,[],[]
0235,7,[],[]
0235,8,[],[]
0236,0,[],[]
0236,1,[],[]
0237,0,[],[]
0238,0,[],[]
0238,1,[],[]
0238,2,[],[]
0239,0,[],[]
0239,1,[],[]
0239,2,[],[]
0239,3,[],[]
0239,4,[],[]
0239,5,[],[]
0240,0,[],[]
0241,0,[],[]
0241,1,[],[]
0241,2,[],[]
0241,3,[],[]
0241,4,[],[]
0242,0,[],[]
0242,1,[],[]
0242,2,[],[]
0243,0,[],[]
0244,0,[],[]
0244,1,[],[]
0244,2,[],[]
0244,3,[],[]
0245,0,[],[]
0245,1,[],[]
0246,0,[],[]
0247,0,[],[]
0248,0,[],[]
0248,1,[],[]
0248,2,[],[]
0248,3,[],[]
0248,4,[],[]
0249,0,[],[]
0250,0,[],[]
0250,1,[],[]
0251,0,[],[]
0251,1,[],[]
0251,2,[],[]
0252,0,[],[]
0252,1,[],[]
0252,2,[],[]
0253,0,[],[]
0253,1,[],[]
0253,2,[],[]
0253,3,[],[]
0253,4,[],[]
0254,0,[],[]
0255,0,[],[]
0255,1,[],[]
0255,2,[],[]
0256,0,[],[]
0256,1,[],[]
0256,2,[],[]
0256,3,[],[]
0257,0,[],[]
0257,1,[],[]
0258,0,[],[]
0258,1,[],[]
0259,0,[],[]
0259,1,[],[]
0259,2,[],[]
0259,3,[],[]
0259,4,[],[]
0260,0,[],[]
0260,1,[],[]
0260,2,[],[]
0261,0,[],[]
0261,1,[],[]
0262,0,[],[]
0262,1,[],[]
0262,2,[],[]
0262,3,[],[]
0262,4,[],[]
0262,5,[],[]
0263,0,[],[]
0264,0,[],[]
0265,0,[],[]
0265,1,[],[]
0265,2,[],[]
0266,0,[],[]
0266,1,[],[]
0267,0,[],[]
0268,0,[],[]
0268,1,[],[]
0269,0,[],[]
0269,1,[],[]
0269,2,[],[]
0269,3,[],[]
0269,4,[],[]
0270,0,[],[]
0270,1,[],[]
0272,0,[],[]
0272,1,[],[]
0273,0,[],[]
0273,1,[],[]
0274,0,[],[]
0274,1,[],[]
0275,0,[],[]
0276,0,[],[]
0277,0,[],[]
0277,1,[],[]
0278,0,[],[]
0278,1,[],[]
0278,2,[],[]
0278,3,[],[]
0278,4,[],[]
0278,5,[],[]
0279,0,[],[]
0279,1,[],[]
0279,2,[],[]
0279,3,[],[]
0280,0,[],[]
0281,0,[],[]
0282,0,[],[]
0282,1,[],[]
0282,2,[],[]
0282,3,[],[]
0282,4,[],[]
0282,5,[],[]
0282,6,[],[]
0282,7,[],[]
0282,8,[],[]
0284,0,[],[]
0284,1,[],[]
0285,0,[],[]
0285,1,[],[]
0286,0,[],[]
0286,1,[],[]
0286,2,[],[]
0286,3,[],[]
0286,4,[],[]
0286,5,[],[]
0286,6,[],[]
0287,0,[],[]
0287,1,[],[]
0288,0,[],[]
0288,1,[],[]
0289,0,[],[]
0289,1,[],[]
0289,2,[],[]
0290,0,[],[]
0290,1,[],[]
0291,0,[],[]
0291,1,[],[]
0292,0,[],[]
0293,0,[],[]
0293,1,[],[]
0293,2,[],[]
0294,0,[],[]
0295,0,[],[]
0295,1,[],[]
0295,2,[],[]
0295,3,[],[]
0295,4,[],[]
0297,0,[],[]
0297,1,[],[]
0297,2,[],[]
0297,3,[],[]
0297,4,[],[]
0298,0,[],[]
0298,1,[],[]
0298,2,[],[]
0298,3,[],[]
0299,0,[],[]
0299,1,[],[]
0299,2,[],[]
0300,0,[],[]
0300,1,[],[]
0300,2,[],[]
0300,3,[],[]
0300,4,[],[]
0300,5,[],[]
0301,0,[],[]
0301,1,[],[]
0301,2,[],[]
0301,3,[],[]
0302,0,[],[]
0302,1,[],[]
0303,0,[],[]
0304,0,[],[]
0305,0,[],[]
0305,1,[],[]
0306,0,[],[]
0306,1,[],[]
0307,0,[],[]
0307,1,[],[]
0307,2,[],[]
0308,0,[],[]
0309,0,[],[]
0311,0,[],[]
0311,1,[],[]
0313,0,[],[]
0313,1,[],[]
0313,2,[],[]
0314,0,[],[]
0315,0,[],[]
0316,0,[],[]
0316,1,[],[]
0316,2,[],[]
0316,3,[],[]
0317,0,[],[]
0318,0,[],[]
0318,1,[],[]
0318,2,[],[]
0318,3,[],[]
0319,0,[],[]
0319,1,[],[]
0320,0,[],[]
0320,1,[],[]
0320,2,[],[]
0320,3,[],[]
0321,0,[],[]
0322,0,[],[]
0323,0,[],[]
0323,1,[],[]
0323,2,[],[]
0323,3,[],[]
0323,4,[],[]
0324,0,[],[]
0325,0,[],[]
0326,0,[],[]
0326,1,[],[]
0326,2,[],[]
0327,0,[],[]
0327,1,[],[]
0327,2,[],[]
0327,3,[],[]
0327,4,[],[]
0327,5,[],[]
0327,6,[],[]
0328,0,[],[]
0329,0,[],[]
0330,0,[],[]
0331,0,[],[]
0331,1,[],[]
0331,2,[],[]
0331,3,[],[]
0331,4,[],[]
0331,5,[],[]
0334,0,[],[]
0334,1,[],[]
0335,0,[],[]
0336,0,[],[]
0336,1,[],[]
0336,2,[],[]
0336,3,[],[]
0336,4,[],[]
0336,5,[],[]
0337,0,[],[]
0337,1,[],[]
0337,2,[],[]
0337,3,[],[]
0337,4,[],[]
0337,5,[],[]
0337,6,[],[]
0337,7,[],[]
0337,8,[],[]
0337,9,[],[]
0337,10,[],[]
0338,0,[],[]
0338,1,[],[]
0338,2,[],[]
0338,3,[],[]
0339,0,[],[]
0339,1,[],[]
0339,2,[],[]
0339,3,[],[]
0339,4,[],[]
0339,5,[],[]
0340,0,[],[]
0340,1,[],[]
0340,2,[],[]
0340,3,[],[]
0340,4,[],[]
0340,5,[],[]
0341,0,[],[]
0341,1,[],[]
0341,2,[],[]
0342,0,[],[]
0342,1,[],[]
0342,2,[],[]
0342,3,[],[]
0343,0,[],[]
0343,1,[],[]
0344,0,[],[]
0344,1,[],[]
0344,2,[],[]
0344,3,[],[]
0344,4,[],[]
0344,5,[],[]
0344,6,[],[]
0344,7,[],[]
0344,8,[],[]
0344,9,[],[]
0345,0,[],[]
0346,0,[],[]
0347,0,[],[]
0348,0,[],[]
0348,1,[],[]
0348,2,[],[]
0349,0,[],[]
0350,0,[],[]
0350,1,[],[]
0350,2,[],[]
0350,3,[],[]
0351,0,[],[]
0351,1,[],[]
0352,0,[],[]
0353,0,[],[]
0353,1,[],[]
0353,2,[],[]
0353,3,[],[]
0353,4,[],[]
0354,0,[],[]
0354,1,[],[]
0354,2,[],[]
0355,0,[],[]
0356,0,[],[]
0358,0,[],[]
0359,0,[],[]
0359,1,[],[]
0359,2,[],[]
0359,3,[],[]
0359,4,[],[]
0359,5,[],[]
0359,6,[],[]
0359,7,[],[]
0359,8,[],[]
0359,9,[],[]
0359,10,[],[]
0359,11,[],[]
0359,12,[],[]
0359,13,[],[]
0360,0,[],[]
0361,0,[],[]
0362,0,[],[]
0363,0,[],[]
0364,0,[],[]
0364,1,[],[]
0364,2,[],[]
0364,3,[],[]
0364,4,[],[]
0364,5,[],[]
0364,6,[],[]
0365,0,[],[]
0365,1,[],[]
0365,2,[],[]
0365,3,[],[]
0365,4,[],[]
0365,5,[],[]
0365,6,[],[]
0365,7,[],[]
0365,8,[],[]
0366,0,[],[]
0367,0,[],[]
0368,0,[],[]
0368,1,[],[]
0368,2,[],[]
0368,3,[],[]
0368,4,[],[]
0368,5,[],[]
0369,0,[],[]
0369,1,[],[]
0369,2,[],[]
0369,3,[],[]
0369,4,[],[]
0369,5,[],[]
0369,6,[],[]
0369,7,[],[]
0369,8,[],[]
0370,0,[],[]
0370,1,[],[]
0370,2,[],[]
0370,3,[],[]
0370,4,[],[]
0370,5,[],[]
0370,6,[],[]
0370,7,[],[]
0370,8,[],[]
0370,9,[],[]
0370,10,[],[]
0370,11,[],[]
0371,0,[],[]
0371,1,[],[]
0371,2,[],[]
0372,0,[],[]
0372,1,[],[]
0372,2,[],[]
0373,0,[],[]
0373,1,[],[]
0373,2,[],[]
0373,3,[],[]
0373,4,[],[]
0373,5,[],[]
0373,6,[],[]
0373,7,[],[]
0373,8,[],[]
0373,9,[],[]
0373,10,[],[]
0374,0,[],[]
0375,0,[],[]
0375,1,[],[]
0375,2,[],[]
0375,3,[],[]
0376,0,[],[]
0376,1,[],[]
0376,2,[],[]
0376,3,[],[]
0376,4,[],[]
0376,5,[],[]
0377,0,[],[]
0377,1,[],[]
0377,2,[],[]
0377,3,[],[]
0377,4,[],[]
0377,5,[],[]
0377,6,[],[]
0377,7,[],[]
0377,8,[],[]
0377,9,[],[]
0377,10,[],[]
0377,11,[],[]
0377,12,[],[]
0377,13,[],[]
0377,14,[],[]
0377,15,[],[]
0377,16,[],[]
0377,17,[],[]
0377,18,[],[]
0377,19,[],[]
0377,20,[],[]
0377,21,[],[]
0377,22,[],[]
0377,23,[],[]
0378,0,[],[]
0378,1,[],[]
0378,2,[],[]
0378,3,[],[]
0379,0,[],[]
0379,1,[],[]
0379,2,[],[]
0379,3,[],[]
0380,0,[],[]
0380,1,[],[]
0381,0,[],[]
0381,1,[],[]
0383,0,[],[]
0383,1,[],[]
0383,2,[],[]
0384,0,[],[]
0385,0,[],[]
0385,1,[],[]
0385,2,[],[]
0385,3,[],[]
0386,0,[],[]
0387,0,[],[]
0387,1,[],[]
0388,0,[],[]
0389,0,[],[]
0389,1,[],[]
0389,2,[],[]
0389,3,[],[]
0389,4,[],[]
0389,5,[],[]
0389,6,[],[]
0389,7,[],[]
0389,8,[],[]
0389,9,[],[]
0389,10,[],[]
0389,11,[],[]
0389,12,[],[]
0389,13,[],[]
0389,14,[],[]
0389,15,[],[]
0390,0,[],[]
0390,1,[],[]
0391,0,[],[]
0391,1,[],[]
0391,2,[],[]
0391,3,[],[]
0391,4,[],[]
0391,5,[],[]
0391,6,[],[]
0391,7,[],[]
0392,0,[],[]
0392,1,[],[]
0392,2,[],[]
0393,0,[],[]
0393,1,[],[]
0393,2,[],[]
0393,3,[],[]
0393,4,[],[]
0394,0,[],[]
0396,0,[],[]
0397,0,[],[]
0397,1,[],[]
0397,2,[],[]
0397,3,[],[]
0397,4,[],[]
0397,5,[],[]
0397,6,[],[]
0397,7,[],[]
0397,8,[],[]
0397,9,[],[]
0397,10,[],[]
0397,11,[],[]
0397,12,[],[]
0397,13,[],[]
0397,14,[],[]
0397,15,[],[]
0397,16,[],[]
0397,17,[],[]
0397,18,[],[]
0397,19,[],[]
0397,20,[],[]
0397,21,[],[]
0398,0,[],[]
0399,0,[],[]
0400,0,[],[]
0400,1,[],[]
0401,0,[],[]
0401,1,[],[]
0402,0,[],[]
0402,1,[],[]
0403,0,[],[]
0403,1,[],[]
0403,2,[],[]
0403,3,[],[]
0404,0,[],[]
0404,1,[],[]
0404,2,[],[]
0404,3,[],[]
0405,0,[],[]
0405,1,[],[]
0406,0,[],[]
0406,1,[],[]
0407,0,[],[]
0407,1,[],[]
0408,0,[],[]
0408,1,[],[]
0408,2,[],[]
0408,3,[],[]
0408,4,[],[]
0408,5,[],[]
0408,6,[],[]
0408,7,[],[]
0408,8,[],[]
0408,9,[],[]
0408,10,[],[]
0408,11,[],[]
0408,12,[],[]
0408,13,[],[]
0408,14,[],[]
0408,15,[],[]
0408,16,[],[]
0408,17,[],[]
0408,18,[],[]
0408,19,[],[]
0408,20,[],[]
0408,21,[],[]
0408,22,[],[]
0408,23,[],[]
0408,24,[],[]
0408,25,[],[]
0408,26,[],[]
0409,0,[],[]
0410,0,[],[]
0411,0,[],[]
0412,0,[],[]
0414,0,[],[]
0414,1,[],[]
0414,2,[],[]
0414,3,[],[]
0414,4,[],[]
0414,5,[],[]
0414,6,[],[]
0414,7,[],[]
0414,8,[],[]
0414,9,[],[]
0414,10,[],[]
0414,11,[],[]
0414,12,[],[]
0414,13,[],[]
0414,14,[],[]
0414,15,[],[]
0414,16,[],[]
0414,17,[],[]
0414,18,[],[]
0414,19,[],[]
0414,20,[],[]
0414,21,[],[]
0414,22,[],[]
0414,23,[],[]
0414,24,[],[]
0415,0,[],[]
0415,1,[],[]
0416,0,[],[]
0416,1,[],[]
0417,0,[],[]
0418,0,[],[]
0419,0,[],[]
0420,0,[],[]
0420,1,[],[]
0420,2,[],[]
0421,0,[],[]
0421,1,[],[]
0422,0,[],[]
0422,1,[],[]
0422,2,[],[]
0422,3,[],[]
0423,0,[],[]
0423,1,[],[]
0423,2,[],[]
0424,0,[],[]
0424,1,[],[]
0424,2,[],[]
0425,0,[],[]
0426,0,[],[]
0427,0,[],[]
0427,1,[],[]
0427,2,[],[]
0429,0,[],[]
0430,0,[],[]
0430,1,[],[]
0430,2,[],[]
0431,0,[],[]
0432,0,[],[]
0432,1,[],[]
0432,2,[],[]
0433,0,[],[]
0433,1,[],[]
0434,0,[],[]
0434,1,[],[]
0435,0,[],[]
0435,1,[],[]
0435,2,[],[]
0435,3,[],[]
0435,4,[],[]
0435,5,[],[]
0435,6,[],[]
0436,0,[],[]
0436,1,[],[]
0436,2,[],[]
0436,3,[],[]
0437,0,[],[]
0437,1,[],[]
0437,2,[],[]
0437,3,[],[]
0437,4,[],[]
0437,5,[],[]
0437,6,[],[]
0437,7,[],[]
0437,8,[],[]
0437,9,[],[]
0437,10,[],[]
0437,11,[],[]
0437,12,[],[]
0437,13,[],[]
0437,14,[],[]
0437,15,[],[]
0438,0,[],[]
0438,1,[],[]
0438,2,[],[]
0438,3,[],[]
0439,0,[],[]
0439,1,[],[]
0439,2,[],[]
0440,0,[],[]
0440,1,[],[]
0441,0,[],[]
0441,1,[],[]
0441,2,[],[]
0442,0,[],[]
0443,0,[],[]
0443,1,[],[]
0444,0,[],[]
0445,0,[],[]
0446,0,[],[]
0447,0,[],[]
0447,1,[],[]
0447,2,[],[]
0448,0,[],[]
0449,0,[],[]
0449,1,[],[]
0449,2,[],[]
0449,3,[],[]
0449,4,[],[]
0449,5,[],[]
0449,6,[],[]
0449,7,[],[]
0450,0,[],[]
0451,0,[],[]
0451,1,[],[]
0451,2,[],[]
0451,3,[],[]
0451,4,[],[]
0452,0,[],[]
0452,1,[],[]
0453,0,[],[]
0454,0,[],[]
0455,0,[],[]
0456,0,[],[]
0456,1,[],[]
0456,2,[],[]
0457,0,[],[]
0458,0,[],[]
0458,1,[],[]
0458,2,[],[]
0458,3,[],[]
0459,0,[],[]
0459,1,[],[]
0460,0,[],[]
0460,1,[],[]
0460,2,[],[]
0461,0,[],[]
0462,0,[],[]
0463,0,[],[]
0463,1,[],[]
0463,2,[],[]
0463,3,[],[]
0464,0,[],[]
0465,0,[],[]
0465,1,[],[]
0466,0,[],[]
0466,1,[],[]
0466,2,[],[]
0466,3,[],[]
0466,4,[],[]
0466,5,[],[]
0467,0,[],[]
0467,1,[],[]
0468,0,[],[]
0469,0,[],[]
0469,1,[],[]
0470,0,[],[]
0470,1,[],[]
0471,0,[],[]
0472,0,[],[]
0472,1,[],[]
0472,2,[],[]
0472,3,[],[]
0472,4,[],[]
0473,0,[],[]
0474,0,[],[]
0475,0,[],[]
0475,1,[],[]
0478,0,[],[]
0479,0,[],[]
0479,1,[],[]
0479,2,[],[]
0479,3,[],[]
0480,0,[],[]
0480,1,[],[]
0480,2,[],[]
0480,3,[],[]
0481,0,[],[]
0481,1,[],[]
0481,2,[],[]
0482,0,[],[]
0482,1,[],[]
0482,2,[],[]
0482,3,[],[]
0483,0,[],[]
0484,0,[],[]
0484,1,[],[]
0485,0,[],[]
0485,1,[],[]
0485,2,[],[]
0485,3,[],[]
0485,4,[],[]
0485,5,[],[]
0485,6,[],[]
0485,7,[],[]
0485,8,[],[]
0485,9,[],[]
0485,10,[],[]
0485,11,[],[]
0485,12,[],[]
0485,13,[],[]
0485,14,[],[]
0485,15,[],[]
0485,16,[],[]
0485,17,[],[]
0485,18,[],[]
0486,0,[],[]
0487,0,[],[]
0487,1,[],[]
0487,2,[],[]
0487,3,[],[]
0487,4,[],[]
0488,0,[],[]
0488,1,[],[]
0489,0,[],[]
0490,0,[],[]
0492,0,[],[]
0492,1,[],[]
0492,2,[],[]
0492,3,[],[]
0493,0,[],[]
0494,0,[],[]
0495,0,[],[]
0495,1,[],[]
0495,2,[],[]
0495,3,[],[]
0495,4,[],[]
0495,5,[],[]
0496,0,[],[]
0496,1,[],[]
0497,0,[],[]
0497,1,[],[]
0498,0,[],[]
0498,1,[],[]
0499,0,[],[]
0500,0,[],[]
0500,1,[],[]
0500,2,[],[]
0501,0,[],[]
0501,1,[],[]
0502,0,[],[]
0502,1,[],[]
0503,0,[],[]
0504,0,[],[]
0504,1,[],[]
0504,2,[],[]
0504,3,[],[]
0504,4,[],[]
0504,5,[],[]
0504,6,[],[]
0504,7,[],[]
0504,8,[],[]
0505,0,[],[]
0505,1,[],[]
0505,2,[],[]
0505,3,[],[]
0505,4,[],[]
0505,5,[],[]
0505,6,[],[]
0506,0,[],[]
0507,0,[],[]
0508,0,[],[]
0508,1,[],[]
0509,0,[],[]
0509,1,[],[]
0510,0,[],[]
0511,0,[],[]
0511,1,[],[]
0511,2,[],[]
0511,3,[],[]
0512,0,[],[]
0512,1,[],[]
0513,0,[],[]
0513,1,[],[]
0514,0,[],[]
0514,1,[],[]
0514,2,[],[]
0514,3,[],[]
0514,4,[],[]
0515,0,[],[]
0516,0,[],[]
0516,1,[],[]
0517,0,[],[]
0517,1,[],[]
0518,0,[],[]
0518,1,[],[]
0518,2,[],[]
0519,0,[],[]
0519,1,[],[]
0519,2,[],[]
0519,3,[],[]
0520,0,[],[]
0520,1,[],[]
0521,0,[],[]
0522,0,[],[]
0522,1,[],[]
0522,2,[],[]
0523,0,[],[]
0523,1,[],[]
0524,0,[],[]
0524,1,[],[]
0525,0,[],[]
0525,1,[],[]
0526,0,[],[]
0526,1,[],[]
0527,0,[],[]
0528,0,[],[]
0528,1,[],[]
0528,2,[],[]
0528,3,[],[]
0528,4,[],[]
0528,5,[],[]
0528,6,[],[]
0529,0,[],[]
0529,1,[],[]
0529,2,[],[]
0529,3,[],[]
0529,4,[],[]
0529,5,[],[]
0529,6,[],[]
0529,7,[],[]
0530,0,[],[]
0531,0,[],[]
0532,0,[],[]
0533,0,[],[]
0534,0,[],[]
0534,1,[],[]
0534,2,[],[]
0535,0,[],[]
0535,1,[],[]
0536,0,[],[]
0537,0,[],[]
0538,0,[],[]
0539,0,[],[]
0539,1,[],[]
0539,2,[],[]
0539,3,[],[]
0539,4,[],[]
0539,5,[],[]
0539,6,[],[]
0540,0,[],[]
0541,0,[],[]
0541,1,[],[]
0541,2,[],[]
0541,3,[],[]
0541,4,[],[]
0541,5,[],[]
0541,6,[],[]
0542,0,[],[]
0543,0,[],[]
0543,1,[],[]
0544,0,[],[]
0544,1,[],[]
0545,0,[],[]
0546,0,[],[]
0546,1,[],[]
0547,0,[],[]
0549,0,[],[]
0549,1,[],[]
0549,2,[],[]
0549,3,[],[]
0549,4,[],[]
0549,5,[],[]
0549,6,[],[]
0549,7,[],[]
0549,8,[],[]
0551,0,[],[]
0551,1,[],[]
0552,0,[],[]
0552,1,[],[]
0552,2,[],[]
0553,0,[],[]
0554,0,[],[]
0554,1,[],[]
0554,2,[],[]
0554,3,[],[]
0554,4,[],[]
0554,5,[],[]
0554,6,[],[]
0554,7,[],[]
0554,8,[],[]
0555,0,[],[]
0555,1,[],[]
0555,2,[],[]
0555,3,[],[]
0556,0,[],[]
0556,1,[],[]
0557,0,[],[]
0558,0,[],[]
0559,0,[],[]
0559,1,[],[]
0559,2,[],[]
0559,3,[],[]
0559,4,[],[]
0559,5,[],[]
0559,6,[],[]
0560,0,[],[]
0560,1,[],[]
0561,0,[],[]
0561,1,[],[]
0561,2,[],[]
0563,0,[],[]
0563,1,[],[]
0563,2,[],[]
0564,0,[],[]
0565,0,[],[]
0565,1,[],[]
0565,2,[],[]
0566,0,[],[]
0566,1,[],[]
0566,2,[],[]
0566,3,[],[]
0566,4,[],[]
0566,5,[],[]
0567,0,[],[]
0567,1,[],[]
0567,2,[],[]
0567,3,[],[]
0567,4,[],[]
0567,5,[],[]
0567,6,[],[]
0567,7,[],[]
0567,8,[],[]
0567,9,[],[]
0567,10,[],[]
0567,11,[],[]
0567,12,[],[]
0567,13,[],[]
0567,14,[],[]
0567,15,[],[]
0567,16,[],[]
0567,17,[],[]
0567,18,[],[]
0568,0,[],[]
0569,0,[],[]
0569,1,[],[]
0569,2,[],[]
0570,0,[],[]
0570,1,[],[]
0570,2,[],[]
0571,0,[],[]
0571,1,[],[]
0571,2,[],[]
0572,0,[],[]
0572,1,[],[]
0572,2,[],[]
0572,3,[],[]
0572,4,[],[]
0572,5,[],[]
0572,6,[],[]
0572,7,[],[]
0572,8,[],[]
0572,9,[],[]
0573,0,[],[]
0573,1,[],[]
0573,2,[],[]
0573,3,[],[]
0573,4,[],[]
0573,5,[],[]
0573,6,[],[]
0573,7,[],[]
0574,0,[],[]
0574,1,[],[]
0574,2,[],[]
0574,3,[],[]
0574,4,[],[]
0574,5,[],[]
0575,0,[],[]
0575,1,[],[]
0575,2,[],[]
0575,3,[],[]
0575,4,[],[]
0575,5,[],[]
0575,6,[],[]
0575,7,[],[]
0577,0,[],[]
0577,1,[],[]
0577,2,[],[]
0577,3,[],[]
0577,4,[],[]
0577,5,[],[]
0577,6,[],[]
0577,7,[],[]
0577,8,[],[]
0577,9,[],[]
0578,0,[],[]
0578,1,[],[]
0578,2,[],[]
0578,3,[],[]
0578,4,[],[]
0578,5,[],[]
0578,6,[],[]
0578,7,[],[]
0578,8,[],[]
0578,9,[],[]
0578,10,[],[]
0578,11,[],[]
0578,12,[],[]
0578,13,[],[]
0578,14,[],[]
0578,15,[],[]
0578,16,[],[]
0578,17,[],[]
0578,18,[],[]
0578,19,[],[]
0578,20,[],[]
0578,21,[],[]
0578,22,[],[]
0578,23,[],[]
0578,24,[],[]
0578,25,[],[]
0578,26,[],[]
0578,27,[],[]
0579,0,[],[]
0579,1,[],[]
0579,2,[],[]
0579,3,[],[]
0579,4,[],[]
0580,0,[],[]
0580,1,[],[]
0580,2,[],[]
0580,3,[],[]
0580,4,[],[]
0580,5,[],[]
0580,6,[],[]
0580,7,[],[]
0580,8,[],[]
0581,0,[],[]
0581,1,[],[]
0581,2,[],[]
0581,3,[],[]
0581,4,[],[]
0581,5,[],[]
0581,6,[],[]
0582,0,[],[]
0582,1,[],[]
0582,2,[],[]
0582,3,[],[]
0582,4,[],[]
0583,0,[],[]
0583,1,[],[]
0584,0,[],[]
0584,1,[],[]
0585,0,[],[]
0585,1,[],[]
0585,2,[],[]
0585,3,[],[]
0585,4,[],[]
0586,0,[],[]
0586,1,[],[]
0586,2,[],[]
0587,0,[],[]
0587,1,[],[]
0588,0,[],[]
0588,1,[],[]
0588,2,[],[]
0588,3,[],[]
0588,4,[],[]
0590,0,[],[]
0590,1,[],[]
0590,2,[],[]
0590,3,[],[]
0590,4,[],[]
0590,5,[],[]
0590,6,[],[]
0590,7,[],[]
0590,8,[],[]
0591,0,[],[]
0591,1,[],[]
0591,2,[],[]
0591,3,[],[]
0591,4,[],[]
0592,0,[],[]
0592,1,[],[]
0593,0,[],[]
0593,1,[],[]
0594,0,[],[]
0594,1,[],[]
0594,2,[],[]
0594,3,[],[]
0594,4,[],[]
0594,5,[],[]
0594,6,[],[]
0594,7,[],[]
0594,8,[],[]
0594,9,[],[]
0594,10,[],[]
0594,11,[],[]
0594,12,[],[]
0595,0,[],[]
0596,0,[],[]
0596,1,[],[]
0596,2,[],[]
0596,3,[],[]
0597,0,[],[]
0597,1,[],[]
0597,2,[],[]
0597,3,[],[]
0597,4,[],[]
0598,0,[],[]
0598,1,[],[]
0598,2,[],[]
0598,3,[],[]
0599,0,[],[]
0599,1,[],[]
0599,2,[],[]
0599,3,[],[]
0599,4,[],[]
0599,5,[],[]
0599,6,[],[]
0599,7,[],[]
0599,8,[],[]
0600,0,[],[]
0600,1,[],[]
0601,0,[],[]
0601,1,[],[]
0601,2,[],[]
0601,3,[],[]
0601,4,[],[]
0601,5,[],[]
0601,6,[],[]
0601,7,[],[]
0601,8,[],[]
0602,0,[],[]
0604,0,[],[]
0605,0,[],[]
0605,1,[],[]
0606,0,[],[]
0607,0,[],[]
0608,0,[],[]
0608,1,[],[]
0609,0,[],[]
0610,0,[],[]
0611,0,[],[]
0611,1,[],[]
0611,2,[],[]
0611,3,[],[]
0612,0,[],[]
0613,0,[],[]
0613,1,[],[]
0613,2,[],[]
0613,3,[],[]
0614,0,[],[]
0614,1,[],[]
0614,2,[],[]
0614,3,[],[]
0614,4,[],[]
0614,5,[],[]
0614,6,[],[]
0614,7,[],[]
0614,8,[],[]
0614,9,[],[]
0614,10,[],[]
0614,11,[],[]
0614,12,[],[]
0614,13,[],[]
0614,14,[],[]
0614,15,[],[]
0614,16,[],[]
0614,17,[],[]
0615,0,[],[]
0616,0,[],[]
0616,1,[],[]
0617,0,[],[]
0617,1,[],[]
0617,2,[],[]
0617,3,[],[]
0617,4,[],[]
0617,5,[],[]
0617,6,[],[]
0617,7,[],[]
0617,8,[],[]
0617,9,[],[]
0618,0,[],[]
0618,1,[],[]
0618,2,[],[]
0619,0,[],[]
0619,1,[],[]
0620,0,[],[]
0620,1,[],[]
0620,2,[],[]
0620,3,[],[]
0620,4,[],[]
0620,5,[],[]
0620,6,[],[]
0620,7,[],[]
0621,0,[],[]
0621,1,[],[]
0621,2,[],[]
0622,0,[],[]
0622,1,[],[]
0622,2,[],[]
0622,3,[],[]
0623,0,[],[]
0624,0,[],[]
0624,1,[],[]
0626,0,[],[]
0626,1,[],[]
0626,2,[],[]
0626,3,[],[]
0627,0,[],[]
0628,0,[],[]
0628,1,[],[]
0628,2,[],[]
0628,3,[],[]
0628,4,[],[]
0628,5,[],[]
0628,6,[],[]
0628,7,[],[]
0628,8,[],[]
0628,9,[],[]
0628,10,[],[]
0628,11,[],[]
0628,12,[],[]
0628,13,[],[]
0628,14,[],[]
0628,15,[],[]
0628,16,[],[]
0629,0,[],[]
0629,1,[],[]
0629,2,[],[]
0629,3,[],[]
0629,4,[],[]
0629,5,[],[]
0630,0,[],[]
0630,1,[],[]
0630,2,[],[]
0630,3,[],[]
0630,4,[],[]
0631,0,[],[]
0632,0,[],[]
0633,0,[],[]
0633,1,[],[]
0633,2,[],[]
0633,3,[],[]
0633,4,[],[]
0633,5,[],[]
0633,6,[],[]
0633,7,[],[]
0633,8,[],[]
0633,9,[],[]
0633,10,[],[]
0633,11,[],[]
0633,12,[],[]
0633,13,[],[]
0634,0,[],[]
0634,1,[],[]
0634,2,[],[]
0634,3,[],[]
0634,4,[],[]
0634,5,[],[]
0634,6,[],[]
0634,7,[],[]
0634,8,[],[]
0634,9,[],[]
0634,10,[],[]
0634,11,[],[]
0635,0,[],[]
0636,0,[],[]
0636,1,[],[]
0637,0,[],[]
0637,1,[],[]
0637,2,[],[]
0637,3,[],[]
0638,0,[],[]
0638,1,[],[]
0638,2,[],[]
0639,0,[],[]
0640,0,[],[]
0640,1,[],[]
0641,0,[],[]
0641,1,[],[]
0642,0,[],[]
0643,0,[],[]
0643,1,[],[]
0643,2,[],[]
0644,0,[],[]
0644,1,[],[]
0644,2,[],[]
0645,0,[],[]
0646,0,[],[]
0646,1,[],[]
0646,2,[],[]
0646,3,[],[]
0646,4,[],[]
0646,5,[],[]
0647,0,[],[]
0648,0,[],[]
0649,0,[],[]
0649,1,[],[]
0649,2,[],[]
0650,0,[],[]
0651,0,[],[]
0651,1,[],[]
0651,2,[],[]
0651,3,[],[]
0651,4,[],[]
0651,5,[],[]
0652,0,[],[]
0652,1,[],[]
0653,0,[],[]
0653,1,[],[]
0653,2,[],[]
0654,0,[],[]
0655,0,[],[]
0656,0,[],[]
0657,0,[],[]
0657,1,[],[]
0658,0,[],[]
0659,0,[],[]
0660,0,[],[]
0660,1,[],[]
0661,0,[],[]
0661,1,[],[]
0661,2,[],[]
0662,0,[],[]
0663,0,[],[]
0664,0,[],[]
0665,0,[],[]
0665,1,[],[]
0666,0,[],[]
0666,1,[],[]
0667,0,[],[]
0668,0,[],[]
0668,1,[],[]
0668,2,[],[]
0669,0,[],[]
0669,1,[],[]
0670,0,[],[]
0671,0,[],[]
0672,0,[],[]
0672,1,[],[]
0674,0,[],[]
0675,0,[],[]
0675,1,[],[]
0675,2,[],[]
0676,0,[],[]
0677,0,[],[]
0678,0,[],[]
0678,1,[],[]
0679,0,[],[]
0680,0,[],[]
0681,0,[],[]
0681,1,[],[]
0681,2,[],[]
0681,3,[],[]
0682,0,[],[]
0682,1,[],[]
0682,2,[],[]
0682,3,[],[]
0683,0,[],[]
0684,0,[],[]
0685,0,[],[]
0686,0,[],[]
0686,1,[],[]
0687,0,[],[]
0687,1,[],[]
0687,2,[],[]
0688,0,[],[]
0689,0,[],[]
0690,0,[],[]
0691,0,[],[]
0691,1,[],[]
0693,0,[],[]
0693,1,[],[]
0693,2,[],[]
0693,3,[],[]
0694,0,[],[]
0695,0,[],[]
0695,1,[],[]
0696,0,[],[]
0696,1,[],[]
0696,2,[],[]
0696,3,[],[]
0696,4,[],[]
0697,0,[],[]
0697,1,[],[]
0697,2,[],[]
0700,0,[],[]
0701,0,[],[]
0701,1,[],[]
0701,2,[],[]
0702,0,[],[]
0702,1,[],[]
0703,0,[],[]
0703,1,[],[]
0704,0,[],[]
0705,0,[],[]
0706,0,[],[]
0706,1,[],[]
0706,2,[],[]
0706,3,[],[]
0706,4,[],[]
0706,5,[],[]
0706,6,[],[]
0706,7,[],[]
0707,0,[],[]
0708,0,[],[]
0708,1,[],[]
0708,2,[],[]
0709,0,[],[]
0709,1,[],[]
0709,2,[],[]
0710,0,[],[]
0711,0,[],[]
0711,1,[],[]
0712,0,[],[]
0712,1,[],[]
0713,0,[],[]
0714,0,[],[]
0714,1,[],[]
0714,2,[],[]
0715,0,[],[]
0715,1,[],[]
0716,0,[],[]
0716,1,[],[]
0718,0,[],[]
0719,0,[],[]
0719,1,[],[]
0719,2,[],[]
0719,3,[],[]
0720,0,[],[]
0721,0,[],[]
0721,1,[],[]
0722,0,[],[]
0722,1,[],[]
0722,2,[],[]
0722,3,[],[]
0724,0,[],[]
0724,1,[],[]
0725,0,[],[]
0726,0,[],[]
0726,1,[],[]
0726,2,[],[]
0727,0,[],[]
0727,1,[],[]
0727,2,[],[]
0727,3,[],[]
0727,4,[],[]
0728,0,[],[]
0729,0,[],[]
0729,1,[],[]
0730,0,[],[]
0731,0,[],[]
0731,1,[],[]
0732,0,[],[]
0732,1,[],[]
0732,2,[],[]
0732,3,[],[]
0732,4,[],[]
0733,0,[],[]
0733,1,[],[]
0733,2,[],[]
0733,3,[],[]
0733,4,[],[]
0734,0,[],[]
0734,1,[],[]
0734,2,[],[]
0735,0,[],[]
0735,1,[],[]
0735,2,[],[]
0735,3,[],[]
0735,4,[],[]
0735,5,[],[]
0735,6,[],[]
0735,7,[],[]
0735,8,[],[]
0736,0,[],[]
0736,1,[],[]
0737,0,[],[]
0737,1,[],[]
0737,2,[],[]
0737,3,[],[]
0738,0,[],[]
0738,1,[],[]
0739,0,[],[]
0739,1,[],[]
0739,2,[],[]
0739,3,[],[]
0740,0,[],[]
0741,0,[],[]
0741,1,[],[]
0742,0,[],[]
0742,1,[],[]
0742,2,[],[]
0743,0,[],[]
0743,1,[],[]
0743,2,[],[]
0743,3,[],[]
0743,4,[],[]
0744,0,[],[]
0744,1,[],[]
0744,2,[],[]
0744,3,[],[]
0744,4,[],[]
0745,0,[],[]
0745,1,[],[]
0745,2,[],[]
0745,3,[],[]
0745,4,[],[]
0745,5,[],[]
0746,0,[],[]
0746,1,[],[]
0747,0,[],[]
0748,0,[],[]
0749,0,[],[]
0749,1,[],[]
0749,2,[],[]
0749,3,[],[]
0749,4,[],[]
0749,5,[],[]
0749,6,[],[]
0749,7,[],[]
0749,8,[],[]
0749,9,[],[]
0749,10,[],[]
0749,11,[],[]
0749,12,[],[]
0749,13,[],[]
0749,14,[],[]
0750,0,[],[]
0750,1,[],[]
0750,2,[],[]
0751,0,[],[]
0751,1,[],[]
0751,2,[],[]
0752,0,[],[]
0752,1,[],[]
0752,2,[],[]
0753,0,[],[]
0753,1,[],[]
0753,2,[],[]
0753,3,[],[]
0753,4,[],[]
0754,0,[],[]
0754,1,[],[]
0754,2,[],[]
0754,3,[],[]
0754,4,[],[]
0754,5,[],[]
0755,0,[],[]
0755,1,[],[]
0755,2,[],[]
0755,3,[],[]
0755,4,[],[]
0755,5,[],[]
0755,6,[],[]
0756,0,[],[]
0756,1,[],[]
0756,2,[],[]
0756,3,[],[]
0756,4,[],[]
0756,5,[],[]
0756,6,[],[]
0756,7,[],[]
0756,8,[],[]
0756,9,[],[]
0756,10,[],[]
0756,11,[],[]
0756,12,[],[]
0756,13,[],[]
0756,14,[],[]
0756,15,[],[]
0756,16,[],[]
0756,17,[],[]
0756,18,[],[]
0756,19,[],[]
0756,20,[],[]
0756,21,[],[]
0756,22,[],[]
0756,23,[],[]
0756,24,[],[]
0756,25,[],[]
0757,0,[],[]
0757,1,[],[]
0758,0,[],[]
0758,1,[],[]
0759,0,[],[]
0759,1,[],[]
0759,2,[],[]
0759,3,[],[]
0760,0,[],[]
0760,1,[],[]
0761,0,[],[]
0762,0,[],[]
0762,1,[],[]
0762,2,[],[]
0763,0,[],[]
0763,1,[],[]
0764,0,[],[]
0764,1,[],[]
0764,2,[],[]
0765,0,[],[]
0766,0,[],[]
0766,1,[],[]
0767,0,[],[]
0767,1,[],[]
0767,2,[],[]
0767,3,[],[]
0768,0,[],[]
0768,1,[],[]
0768,2,[],[]
0769,0,[],[]
0770,0,[],[]
0771,0,[],[]
0771,1,[],[]
0771,2,[],[]
0772,0,[],[]
0773,0,[],[]
0774,0,[],[]
0774,1,[],[]
0774,2,[],[]
0774,3,[],[]
0775,0,[],[]
0775,1,[],[]
0776,0,[],[]
0776,1,[],[]
0776,2,[],[]
0777,0,[],[]
0778,0,[],[]
0779,0,[],[]
0780,0,[],[]
0782,0,[],[]
0783,0,[],[]
0784,0,[],[]
0785,0,[],[]
0785,1,[],[]
0785,2,[],[]
0785,3,[],[]
0787,0,[],[]
0788,0,[],[]
0789,0,[],[]
0790,0,[],[]
0791,0,[],[]
0791,1,[],[]
0792,0,[],[]
0793,0,[],[]
0794,0,[],[]
0794,1,[],[]
0795,0,[],[]
0795,1,[],[]
0796,0,[],[]
0797,0,[],[]
0798,0,[],[]
0799,0,[],[]
0799,1,[],[]
0799,2,[],[]
0800,0,[],[]
0800,1,[],[]
0801,0,[],[]
0802,0,[],[]
0802,1,[],[]
0802,2,[],[]
0803,0,[],[]
0803,1,[],[]
0803,2,[],[]
0803,3,[],[]
0803,4,[],[]
0803,5,[],[]
0803,6,[],[]
0803,7,[],[]
0803,8,[],[]
0803,9,[],[]
0804,0,[],[]
0805,0,[],[]
0806,0,[],[]
0807,0,[],[]
0808,0,[],[]
0809,0,[],[]
0809,1,[],[]
0809,2,[],[]
0810,0,[],[]
0810,1,[],[]
0810,2,[],[]
0811,0,[],[]
0812,0,[],[]
0813,0,[],[]
0813,1,[],[]
0813,2,[],[]
0813,3,[],[]
0814,0,[],[]
0814,1,[],[]
0815,0,[],[]
0815,1,[],[]
0816,0,[],[]
0816,1,[],[]
0816,2,[],[]
0817,0,[],[]
0820,0,[],[]
0820,1,[],[]
0820,2,[],[]
0821,0,[],[]
0822,0,[],[]
0823,0,[],[]
0824,0,[],[]
0824,1,[],[]
0824,2,[],[]
0824,3,[],[]
0825,0,[],[]
0826,0,[],[]
0827,0,[],[]
0828,0,[],[]
0830,0,[],[]
0831,0,[],[]
0831,1,[],[]
0831,2,[],[]
0832,0,[],[]
0833,0,[],[]
0833,1,[],[]
0833,2,[],[]
0833,3,[],[]
0834,0,[],[]
0834,1,[],[]
0834,2,[],[]
0834,3,[],[]
0834,4,[],[]
0834,5,[],[]
0834,6,[],[]
0834,7,[],[]
0834,8,[],[]
0834,9,[],[]
0835,0,[],[]
0836,0,[],[]
0837,0,[],[]
0838,0,[],[]
0838,1,[],[]
0838,2,[],[]
0838,3,[],[]
0839,0,[],[]
0839,1,[],[]
0839,2,[],[]
0840,0,[],[]
0840,1,[],[]
0840,2,[],[]
0840,3,[],[]
0841,0,[],[]
0841,1,[],[]
0841,2,[],[]
0841,3,[],[]
0841,4,[],[]
0841,5,[],[]
0842,0,[],[]
0843,0,[],[]
0844,0,[],[]
0845,0,[],[]
0845,1,[],[]
0846,0,[],[]
0847,0,[],[]
0848,0,[],[]
0848,1,[],[]
0848,2,[],[]
0849,0,[],[]
0849,1,[],[]
0850,0,[],[]
0850,1,[],[]
0850,2,[],[]
0850,3,[],[]
0851,0,[],[]
0852,0,[],[]
0852,1,[],[]
0852,2,[],[]
0853,0,[],[]
0853,1,[],[]
0855,0,[],[]
0856,0,[],[]
0857,0,[],[]
0858,0,[],[]
0859,0,[],[]
0859,1,[],[]
0860,0,[],[]
0861,0,[],[]
0862,0,[],[]
0863,0,[],[]
0863,1,[],[]
0863,2,[],[]
0863,3,[],[]
0863,4,[],[]
0863,5,[],[]
0865,0,[],[]
0866,0,[],[]
0866,1,[],[]
0867,0,[],[]
0867,1,[],[]
0867,2,[],[]
0867,3,[],[]
0867,4,[],[]
0868,0,[],[]
0870,0,[],[]
0870,1,[],[]
0871,0,[],[]
0872,0,[],[]
0872,1,[],[]
0872,2,[],[]
0873,0,[],[]
0873,1,[],[]
0873,2,[],[]
0874,0,[],[]
0874,1,[],[]
0875,0,[],[]
0875,1,[],[]
0875,2,[],[]
0876,0,[],[]
0877,0,[],[]
0877,1,[],[]
0878,0,[],[]
0878,1,[],[]
0878,2,[],[]
0879,0,[],[]
0880,0,[],[]
0881,0,[],[]
0883,0,[],[]
0886,0,[],[]
0888,0,[],[]
0888,1,[],[]
0889,0,[],[]
0890,0,[],[]
0890,1,[],[]
0891,0,[],[]
0891,1,[],[]
0891,2,[],[]
0891,3,[],[]
0891,4,[],[]
0891,5,[],[]
0891,6,[],[]
0891,7,[],[]
0892,0,[],[]
0893,0,[],[]
0894,0,[],[]
0895,0,[],[]
0896,0,[],[]
0897,0,[],[]
0899,0,[],[]
0899,1,[],[]
0899,2,[],[]
0899,3,[],[]
0899,4,[],[]
0899,5,[],[]
0899,6,[],[]
0899,7,[],[]
0900,0,[],[]
0901,0,[],[]
0902,0,[],[]
0903,0,[],[]
0904,0,[],[]
0905,0,[],[]
0905,1,[],[]
0906,0,[],[]
0907,0,[],[]
0908,0,[],[]
0908,1,[],[]
0909,0,[],[]
0909,1,[],[]
0910,0,[],[]
0910,1,[],[]
0910,2,[],[]
0910,3,[],[]
0911,0,[],[]
0911,1,[],[]
0912,0,[],[]
0913,0,[],[]
0913,1,[],[]
0913,2,[],[]
0913,3,[],[]
0914,0,[],[]
0914,1,[],[]
0914,2,[],[]
0915,0,[],[]
0915,1,[],[]
0915,2,[],[]
0916,0,[],[]
0916,1,[],[]
0916,2,[],[]
0916,3,[],[]
0916,4,[],[]
0917,0,[],[]
0917,1,[],[]
0918,0,[],[]
0918,1,[],[]
0918,2,[],[]
0918,3,[],[]
0918,4,[],[]
0918,5,[],[]
0918,6,[],[]
0919,0,[],[]
0919,1,[],[]
0920,0,[],[]
0920,1,[],[]
0920,2,[],[]
0920,3,[],[]
0920,4,[],[]
0920,5,[],[]
0920,6,[],[]
0920,7,[],[]
0921,0,[],[]
0921,1,[],[]
0921,2,[],[]
0921,3,[],[]
0921,4,[],[]
0921,5,[],[]
0921,6,[],[]
0921,7,[],[]
0921,8,[],[]
0921,9,[],[]
0921,10,[],[]
0922,0,[],[]
0924,0,[],[]
0924,1,[],[]
0924,2,[],[]
0924,3,[],[]
0924,4,[],[]
0924,5,[],[]
0924,6,[],[]
0924,7,[],[]
0924,8,[],[]
0924,9,[],[]
0924,10,[],[]
0924,11,[],[]
0924,12,[],[]
0924,13,[],[]
0925,0,[],[]
0925,1,[],[]
0925,2,[],[]
0925,3,[],[]
0926,0,[],[]
0926,1,[],[]
0927,0,[],[]
0927,1,[],[]
0928,0,[],[]
0928,1,[],[]
0928,2,[],[]
0928,3,[],[]
0928,4,[],[]
0929,0,[],[]
0931,0,[],[]
0931,1,[],[]
0932,0,[],[]
0933,0,[],[]
0933,1,[],[]
0933,2,[],[]
0934,0,[],[]
0934,1,[],[]
0935,0,[],[]
0935,1,[],[]
0935,2,[],[]
0936,0,[],[]
0936,1,[],[]
0936,2,[],[]
0936,3,[],[]
0936,4,[],[]
0936,5,[],[]
0936,6,[],[]
0936,7,[],[]
0936,8,[],[]
0937,0,[],[]
0937,1,[],[]
0937,2,[],[]
0937,3,[],[]
0937,4,[],[]
0937,5,[],[]
0938,0,[],[]
0938,1,[],[]
0939,0,[],[]
0939,1,[],[]
0939,2,[],[]
0939,3,[],[]
0939,4,[],[]
0939,5,[],[]
0939,6,[],[]
0939,7,[],[]
0939,8,[],[]
0939,9,[],[]
0939,10,[],[]
0939,11,[],[]
0939,12,[],[]
0939,13,[],[]
0939,14,[],[]
0939,15,[],[]
0939,16,[],[]
0939,17,[],[]
0941,0,[],[]
0941,1,[],[]
0941,2,[],[]
0941,3,[],[]
0942,0,[],[]
0943,0,[],[]
0943,1,[],[]
0944,0,[],[]
0944,1,[],[]
0944,2,[],[]
0944,3,[],[]
0944,4,[],[]
0944,5,[],[]
0945,0,[],[]
0945,1,[],[]
0945,2,[],[]
0945,3,[],[]
0946,0,[],[]
0946,1,[],[]
0946,2,[],[]
0946,3,[],[]
0946,4,[],[]
0947,0,[],[]
0947,1,[],[]
0948,0,[],[]
0948,1,[],[]
0948,2,[],[]
0948,3,[],[]
0949,0,[],[]
0949,1,[],[]
0950,0,[],[]
0950,1,[],[]
0950,2,[],[]
0950,3,[],[]
0951,0,[],[]
0951,1,[],[]
0952,0,[],[]
0952,1,[],[]
0953,0,[],[]
0954,0,[],[]
0955,0,[],[]
0956,0,[],[]
0957,0,[],[]
0957,1,[],[]
0957,2,[],[]
0957,3,[],[]
0957,4,[],[]
0957,5,[],[]
0957,6,[],[]
0957,7,[],[]
0957,8,[],[]
0957,9,[],[]
0958,0,[],[]
0958,1,[],[]
0958,2,[],[]
0958,3,[],[]
0959,0,[],[]
0960,0,[],[]
0961,0,[],[]
0962,0,[],[]
0962,1,[],[]
0963,0,[],[]
0963,1,[],[]
0963,2,[],[]
0964,0,[],[]
0965,0,[],[]
0966,0,[],[]
0968,0,[],[]
0968,1,[],[]
0969,0,[],[]
0969,1,[],[]
0969,2,[],[]
0969,3,[],[]
0969,4,[],[]
0969,5,[],[]
0970,0,[],[]
0971,0,[],[]
0972,0,[],[]
0972,1,[],[]
0972,2,[],[]
0972,3,[],[]
0972,4,[],[]
0973,0,[],[]
0973,1,[],[]
0973,2,[],[]
0974,0,[],[]
0974,1,[],[]
0974,2,[],[]
0974,3,[],[]
0974,4,[],[]
0974,5,[],[]
0976,0,[],[]
0976,1,[],[]
0977,0,[],[]
0978,0,[],[]
0978,1,[],[]
0978,2,[],[]
0981,0,[],[]
0982,0,[],[]
0982,1,[],[]
0982,2,[],[]
0983,0,[],[]
0983,1,[],[]
0983,2,[],[]
0983,3,[],[]
0984,0,[],[]
0984,1,[],[]
0984,2,[],[]
0984,3,[],[]
0984,4,[],[]
0984,5,[],[]
0985,0,[],[]
0985,1,[],[]
0985,2,[],[]
0985,3,[],[]
0985,4,[],[]
0985,5,[],[]
0985,6,[],[]
0985,7,[],[]
0986,0,[],[]
0987,0,[],[]
0987,1,[],[]
0987,2,[],[]
0987,3,[],[]
0987,4,[],[]
0989,0,[],[]
0989,1,[],[]
0989,2,[],[]
0990,0,[],[]
0990,1,[],[]
0991,0,[],[]
0991,1,[],[]
0991,2,[],[]
0992,0,[],[]
0993,0,[],[]
0993,1,[],[]
0995,0,[],[]
0995,1,[],[]
0995,2,[],[]
0995,3,[],[]
0995,4,[],[]
0995,5,[],[]
0995,6,[],[]
0995,7,[],[]
0995,8,[],[]
0995,9,[],[]
0995,10,[],[]
0995,11,[],[]
0995,12,[],[]
0995,13,[],[]
0995,14,[],[]
0995,15,[],[]
0995,16,[],[]
0995,17,[],[]
0995,18,[],[]
0995,19,[],[]
0995,20,[],[]
0995,21,[],[]
0995,22,[],[]
0995,23,[],[]
0995,24,[],[]
0995,25,[],[]
0995,26,[],[]
0995,27,[],[]
0995,28,[],[]
0995,29,[],[]
0995,30,[],[]
0995,31,[],[]
0995,32,[],[]
0995,33,[],[]
0995,34,[],[]
0995,35,[],[]
0995,36,[],[]
0995,37,[],[]
0995,38,[],[]
0995,39,[],[]
0995,40,[],[]
0995,41,[],[]
0995,42,[],[]
0995,43,[],[]
0995,44,[],[]
0995,45,[],[]
0995,46,[],[]
0995,47,[],[]
0995,48,[],[]
0995,49,[],[]
0995,50,[],[]
0995,51,[],[]
0995,52,[],[]
0995,53,[],[]
0995,54,[],[]
0995,55,[],[]
0995,56,[],[]
0995,57,[],[]
0995,58,[],[]
0995,59,[],[]
0995,60,[],[]
0995,61,[],[]
0995,62,[],[]
0995,63,[],[]
0995,64,[],[]
0995,65,[],[]
0995,66,[],[]
0995,67,[],[]
0995,68,[],[]
0996,0,[],[]
0998,0,[],[]
0998,1,[],[]
0999,0,[],[]
1000,0,[],[]
1000,1,[],[]
1000,2,[],[]
1001,0,[],[]
1001,1,[],[]
1001,2,[],[]
1001,3,[],[]
1001,4,[],[]
1001,5,[],[]
1002,0,[],[]
1002,1,[],[]
1002,2,[],[]
1003,0,[],[]
1003,1,[],[]
1003,2,[],[]
1003,3,[],[]
1003,4,[],[]
1003,5,[],[]
1003,6,[],[]
1003,7,[],[]
1004,0,[],[]
1004,1,[],[]
1005,0,[],[]
1005,1,[],[]
1005,2,[],[]
1006,0,[],[]
1006,1,[],[]
1007,0,[],[]
1008,0,[],[]
1009,0,[],[]
1010,0,[],[]
1010,1,[],[]
1011,0,[],[]
1012,0,[],[]
1012,1,[],[]
1012,2,[],[]
1012,3,[],[]
1012,4,[],[]
1012,5,[],[]
1012,6,[],[]
1012,7,[],[]
1013,0,[],[]
1013,1,[],[]
1014,0,[],[]
1015,0,[],[]
1015,1,[],[]
1016,0,[],[]
1016,1,[],[]
1016,2,[],[]
1017,0,[],[]
1017,1,[],[]
1017,2,[],[]
1017,3,[],[]
1017,4,[],[]
1017,5,[],[]
1017,6,[],[]
1017,7,[],[]
1017,8,[],[]
1017,9,[],[]
1017,10,[],[]
1017,11,[],[]
1017,12,[],[]
1017,13,[],[]
1018,0,[],[]
1018,1,[],[]
1018,2,[],[]
1018,3,[],[]
1018,4,[],[]
1018,5,[],[]
1018,6,[],[]
1018,7,[],[]
1018,8,[],[]
1018,9,[],[]
1018,10,[],[]
1018,11,[],[]
1018,12,[],[]
1018,13,[],[]
1018,14,[],[]
1018,15,[],[]
1019,0,[],[]
1019,1,[],[]
1019,2,[],[]
1019,3,[],[]
1020,0,[],[]
1021,0,[],[]
1021,1,[],[]
1021,2,[],[]
1021,3,[],[]
1021,4,[],[]
1021,5,[],[]
1021,6,[],[]
1022,0,[],[]
1022,1,[],[]
1022,2,[],[]
1022,3,[],[]
1022,4,[],[]
1022,5,[],[]
1022,6,[],[]
1022,7,[],[]
1022,8,[],[]
1022,9,[],[]
1022,10,[],[]
1022,11,[],[]
1022,12,[],[]
1022,13,[],[]
1023,0,[],[]
1024,0,[],[]
1024,1,[],[]
1025,0,[],[]
1026,0,[],[]
1026,1,[],[]
1026,2,[],[]
1027,0,[],[]
1027,1,[],[]
1027,2,[],[]
1027,3,[],[]
1027,4,[],[]
1027,5,[],[]
1027,6,[],[]
1027,7,[],[]
1027,8,[],[]
1027,9,[],[]
1027,10,[],[]
1027,11,[],[]
1028,0,[],[]
1028,1,[],[]
1029,0,[],[]
1029,1,[],[]
1029,2,[],[]
1029,3,[],[]
1029,4,[],[]
1029,5,[],[]
1029,6,[],[]
1030,0,[],[]
1030,1,[],[]
1031,0,[],[]
1032,0,[],[]
1032,1,[],[]
1032,2,[],[]
1032,3,[],[]
1032,4,[],[]
1033,0,[],[]
1033,1,[],[]
1033,2,[],[]
1034,0,[],[]
1034,1,[],[]
1035,0,[],[]
1035,1,[],[]
1035,2,[],[]
1035,3,[],[]
1036,0,[],[]
1036,1,[],[]
1036,2,[],[]
1036,3,[],[]
1037,0,[],[]
1037,1,[],[]
1037,2,[],[]
1037,3,[],[]
1037,4,[],[]
1037,5,[],[]
1037,6,[],[]
1037,7,[],[]
1038,0,[],[]
1039,0,[],[]
1039,1,[],[]
1039,2,[],[]
1039,3,[],[]
1040,0,[],[]
1040,1,[],[]
1040,2,[],[]
1040,3,[],[]
1040,4,[],[]
1040,5,[],[]
1041,0,[],[]
1041,1,[],[]
1042,0,[],[]
1042,1,[],[]
1043,0,[],[]
1044,0,[],[]
1044,1,[],[]
1044,2,[],[]
1044,3,[],[]
1044,4,[],[]
1044,5,[],[]
1044,6,[],[]
1044,7,[],[]
1044,8,[],[]
1045,0,[],[]
1045,1,[],[]
1045,2,[],[]
1045,3,[],[]
1045,4,[],[]
1045,5,[],[]
1046,0,[],[]
1046,1,[],[]
1046,2,[],[]
1046,3,[],[]
1046,4,[],[]
1047,0,[],[]
1047,1,[],[]
1047,2,[],[]
1047,3,[],[]
1048,0,[],[]
1048,1,[],[]
1048,2,[],[]
1049,0,[],[]
1049,1,[],[]
1049,2,[],[]
1049,3,[],[]
1049,4,[],[]
1049,5,[],[]
1049,6,[],[]
1049,7,[],[]
1050,0,[],[]
1050,1,[],[]
1051,0,[],[]
1051,1,[],[]
1052,0,[],[]
1052,1,[],[]
1052,2,[],[]
1052,3,[],[]
1052,4,[],[]
1052,5,[],[]
1052,6,[],[]
1052,7,[],[]
1052,8,[],[]
1053,0,[],[]
1053,1,[],[]
1053,2,[],[]
1053,3,[],[]
1053,4,[],[]
1053,5,[],[]
1053,6,[],[]
1054,0,[],[]
1055,0,[],[]
1055,1,[],[]
1056,0,[],[]
1056,1,[],[]
1056,2,[],[]
1056,3,[],[]
1057,0,[],[]
1057,1,[],[]
1057,2,[],[]
1057,3,[],[]
1057,4,[],[]
1057,5,[],[]
1057,6,[],[]
1057,7,[],[]
1057,8,[],[]
1058,0,[],[]
1058,1,[],[]
1058,2,[],[]
1058,3,[],[]
1058,4,[],[]
1058,5,[],[]
1058,6,[],[]
1058,7,[],[]
1058,8,[],[]
1058,9,[],[]
1058,10,[],[]
1059,0,[],[]
1059,1,[],[]
1059,2,[],[]
1060,0,[],[]
1060,1,[],[]
1060,2,[],[]
1060,3,[],[]
1061,0,[],[]
1065,0,[],[]
1065,1,[],[]
1065,2,[],[]
1065,3,[],[]
1065,4,[],[]
1065,5,[],[]
1065,6,[],[]
1065,7,[],[]
1065,8,[],[]
1066,0,[],[]
1066,1,[],[]
1067,0,[],[]
1067,1,[],[]
1067,2,[],[]
1067,3,[],[]
1067,4,[],[]
1068,0,[],[]
1068,1,[],[]
1068,2,[],[]
1068,3,[],[]
1068,4,[],[]
1068,5,[],[]
1068,6,[],[]
1069,0,[],[]
1069,1,[],[]
1069,2,[],[]
1069,3,[],[]
1069,4,[],[]
1069,5,[],[]
1069,6,[],[]
1069,7,[],[]
1069,8,[],[]
1069,9,[],[]
1069,10,[],[]
1070,0,[],[]
1070,1,[],[]
1070,2,[],[]
1070,3,[],[]
1070,4,[],[]
1070,5,[],[]
1070,6,[],[]
1070,7,[],[]
1070,8,[],[]
1070,9,[],[]
1070,10,[],[]
1070,11,[],[]
1070,12,[],[]
1070,13,[],[]
1070,14,[],[]
1070,15,[],[]
1070,16,[],[]
1070,17,[],[]
1070,18,[],[]
1070,19,[],[]
1070,20,[],[]
1070,21,[],[]
1070,22,[],[]
1070,23,[],[]
1070,24,[],[]
1070,25,[],[]
1070,26,[],[]
1070,27,[],[]
1070,28,[],[]
1070,29,[],[]
1070,30,[],[]
1070,31,[],[]
1070,32,[],[]
1070,33,[],[]
1071,0,[],[]
1071,1,[],[]
1071,2,[],[]
1071,3,[],[]
1071,4,[],[]
1071,5,[],[]
1071,6,[],[]
1071,7,[],[]
1071,8,[],[]
1071,9,[],[]
1071,10,[],[]
1071,11,[],[]
1071,12,[],[]
1071,13,[],[]
1072,0,[],[]
1072,1,[],[]
1072,2,[],[]
1072,3,[],[]
1072,4,[],[]
1072,5,[],[]
1072,6,[],[]
1073,0,[],[]
1074,0,[],[]
1074,1,[],[]
1074,2,[],[]
1074,3,[],[]
1075,0,[],[]
1075,1,[],[]
1075,2,[],[]
1075,3,[],[]
1075,4,[],[]
1075,5,[],[]
1075,6,[],[]
1075,7,[],[]
1075,8,[],[]
1076,0,[],[]
1076,1,[],[]
1076,2,[],[]
1077,0,[],[]
1077,1,[],[]
1077,2,[],[]
1077,3,[],[]
1078,0,[],[]
1078,1,[],[]
1078,2,[],[]
1078,3,[],[]
1078,4,[],[]
1078,5,[],[]
1079,0,[],[]
1079,1,[],[]
1079,2,[],[]
1079,3,[],[]
1079,4,[],[]
1079,5,[],[]
1079,6,[],[]
1079,7,[],[]
1079,8,[],[]
1081,0,[],[]
1081,1,[],[]
1081,2,[],[]
1081,3,[],[]
1081,4,[],[]
1082,0,[],[]
1082,1,[],[]
1082,2,[],[]
1082,3,[],[]
1083,0,[],[]
1083,1,[],[]
1083,2,[],[]
1084,0,[],[]
1084,1,[],[]
1084,2,[],[]
1085,0,[],[]
1085,1,[],[]
1085,2,[],[]
1085,3,[],[]
1085,4,[],[]
1085,5,[],[]
1086,0,[],[]
1086,1,[],[]
1087,0,[],[]
1087,1,[],[]
1087,2,[],[]
1087,3,[],[]
1087,4,[],[]
1087,5,[],[]
1088,0,[],[]
1089,0,[],[]
1089,1,[],[]
1089,2,[],[]
1090,0,[],[]
1091,0,[],[]
1091,1,[],[]
1091,2,[],[]
1091,3,[],[]
1091,4,[],[]
1091,5,[],[]
1091,6,[],[]
1092,0,[],[]
1093,0,[],[]
1093,1,[],[]
1093,2,[],[]
1094,0,[],[]
1094,1,[],[]
1095,0,[],[]
1095,1,[],[]
1095,2,[],[]
1095,3,[],[]
1095,4,[],[]
1095,5,[],[]
1096,0,[],[]
1096,1,[],[]
1096,2,[],[]
1096,3,[],[]
1096,4,[],[]
1097,0,[],[]
1097,1,[],[]
1097,2,[],[]
1097,3,[],[]
1097,4,[],[]
1097,5,[],[]
1097,6,[],[]
1097,7,[],[]
1097,8,[],[]
1097,9,[],[]
1097,10,[],[]
1098,0,[],[]
1098,1,[],[]
1098,2,[],[]
1098,3,[],[]
1098,4,[],[]
1098,5,[],[]
1099,0,[],[]
1100,0,[],[]
1100,1,[],[]
1100,2,[],[]
1100,3,[],[]
1100,4,[],[]
1100,5,[],[]
1100,6,[],[]
1100,7,[],[]
1100,8,[],[]
1100,9,[],[]
1100,10,[],[]
1100,11,[],[]
1100,12,[],[]
1100,13,[],[]
1101,0,[],[]
1101,1,[],[]
1101,2,[],[]
1101,3,[],[]
1101,4,[],[]
1101,5,[],[]
1102,0,[],[]
1102,1,[],[]
1103,0,[],[]
1103,1,[],[]
1103,2,[],[]
1104,0,[],[]
1104,1,[],[]
1104,2,[],[]
1105,0,[],[]
1105,1,[],[]
1106,0,[],[]
1106,1,[],[]
1106,2,[],[]
1106,3,[],[]
1107,0,[],[]
1107,1,[],[]
1107,2,[],[]
1108,0,[],[]
1108,1,[],[]
1108,2,[],[]
1108,3,[],[]
1109,0,[],[]
1109,1,[],[]
1109,2,[],[]
1109,3,[],[]
1109,4,[],[]
1109,5,[],[]
1109,6,[],[]
1109,7,[],[]
1109,8,[],[]
1109,9,[],[]
1109,10,[],[]
1109,11,[],[]
1109,12,[],[]
1109,13,[],[]
1109,14,[],[]
1110,0,[],[]
1110,1,[],[]
1111,0,[],[]
1111,1,[],[]
1112,0,[],[]
1112,1,[],[]
1112,2,[],[]
1113,0,[],[]
1114,0,[],[]
1115,0,[],[]
1115,1,[],[]
1115,2,[],[]
1115,3,[],[]
1116,0,[],[]
1116,1,[],[]
1116,2,[],[]
1116,3,[],[]
1116,4,[],[]
1117,0,[],[]
1117,1,[],[]
1117,2,[],[]
1118,0,[],[]
1118,1,[],[]
1118,2,[],[]
1118,3,[],[]
1118,4,[],[]
1118,5,[],[]
1118,6,[],[]
1118,7,[],[]
1118,8,[],[]
1118,9,[],[]
1118,10,[],[]
1118,11,[],[]
1119,0,[],[]
1119,1,[],[]
1120,0,[],[]
1120,1,[],[]
1120,2,[],[]
1120,3,[],[]
1120,4,[],[]
1120,5,[],[]
1120,6,[],[]
1120,7,[],[]
1120,8,[],[]
1120,9,[],[]
1121,0,[],[]
1121,1,[],[]
1121,2,[],[]
1121,3,[],[]
1123,0,[],[]
1123,1,[],[]
1123,2,[],[]
1123,3,[],[]
1123,4,[],[]
1123,5,[],[]
1123,6,[],[]
1123,7,[],[]
1123,8,[],[]
1123,9,[],[]
1123,10,[],[]
1124,0,[],[]
1124,1,[],[]
1124,2,[],[]
1124,3,[],[]
1124,4,[],[]
1124,5,[],[]
1125,0,[],[]
1125,1,[],[]
1125,2,[],[]
1126,0,[],[]
1126,1,[],[]
1126,2,[],[]
1126,3,[],[]
1126,4,[],[]
1126,5,[],[]
1126,6,[],[]
1126,7,[],[]
1126,8,[],[]
1126,9,[],[]
1126,10,[],[]
1126,11,[],[]
1126,12,[],[]
1127,0,[],[]
1127,1,[],[]
1127,2,[],[]
1127,3,[],[]
1127,4,[],[]
1127,5,[],[]
1128,0,[],[]
1128,1,[],[]
1128,2,[],[]
1128,3,[],[]
1128,4,[],[]
1128,5,[],[]
1129,0,[],[]
1129,1,[],[]
1129,2,[],[]
1129,3,[],[]
1129,4,[],[]
1130,0,[],[]
1130,1,[],[]
1130,2,[],[]
1131,0,[],[]
1133,0,[],[]
1133,1,[],[]
1134,0,[],[]
1134,1,[],[]
1134,2,[],[]
1134,3,[],[]
1134,4,[],[]
1134,5,[],[]
1135,0,[],[]
1135,1,[],[]
1135,2,[],[]
1136,0,[],[]
1136,1,[],[]
1137,0,[],[]
1137,1,[],[]
1137,2,[],[]
1137,3,[],[]
1138,0,[],[]
1138,1,[],[]
1139,0,[],[]
1139,1,[],[]
1139,2,[],[]
1139,3,[],[]
1140,0,[],[]
1140,1,[],[]
1140,2,[],[]
1140,3,[],[]
1141,0,[],[]
1141,1,[],[]
1141,2,[],[]
1141,3,[],[]
1141,4,[],[]
1142,0,[],[]
1142,1,[],[]
1143,0,[],[]
1143,1,[],[]
1143,2,[],[]
1143,3,[],[]
1143,4,[],[]
1143,5,[],[]
1143,6,[],[]
1144,0,[],[]
1144,1,[],[]
1145,0,[],[]
1145,1,[],[]
1145,2,[],[]
1145,3,[],[]
1145,4,[],[]
1145,5,[],[]
1145,6,[],[]
1145,7,[],[]
1145,8,[],[]
1145,9,[],[]
1145,10,[],[]
1146,0,[],[]
1146,1,[],[]
1146,2,[],[]
1146,3,[],[]
1146,4,[],[]
1146,5,[],[]
1146,6,[],[]
1146,7,[],[]
1146,8,[],[]
1148,0,[],[]
1148,1,[],[]
1148,2,[],[]
1149,0,[],[]
1150,0,[],[]
1150,1,[],[]
1150,2,[],[]
1150,3,[],[]
1151,0,[],[]
1151,1,[],[]
1151,2,[],[]
1151,3,[],[]
1151,4,[],[]
1152,0,[],[]
1152,1,[],[]
1153,0,[],[]
1153,1,[],[]
1153,2,[],[]
1153,3,[],[]
1153,4,[],[]
1154,0,[],[]
1154,1,[],[]
1154,2,[],[]
1154,3,[],[]
1154,4,[],[]
1154,5,[],[]
1155,0,[],[]
1156,0,[],[]
1156,1,[],[]
1156,2,[],[]
1156,3,[],[]
1157,0,[],[]
1158,0,[],[]
1158,1,[],[]
1159,0,[],[]
1159,1,[],[]
1159,2,[],[]
1159,3,[],[]
1159,4,[],[]
1159,5,[],[]
1159,6,[],[]
1159,7,[],[]
1159,8,[],[]
1160,0,[],[]
1160,1,[],[]
1160,2,[],[]
1160,3,[],[]
1160,4,[],[]
1160,5,[],[]
1160,6,[],[]
1161,0,[],[]
1161,1,[],[]
1161,2,[],[]
1162,0,[],[]
1162,1,[],[]
1162,2,[],[]
1164,0,[],[]
1164,1,[],[]
1164,2,[],[]
1165,0,[],[]
1165,1,[],[]
1165,2,[],[]
1165,3,[],[]
1165,4,[],[]
1165,5,[],[]
1166,0,[],[]
1167,0,[],[]
1167,1,[],[]
1167,2,[],[]
1167,3,[],[]
1167,4,[],[]
1167,5,[],[]
1167,6,[],[]
1168,0,[],[]
1168,1,[],[]
1169,0,[],[]
1170,0,[],[]
1170,1,[],[]
1170,2,[],[]
1170,3,[],[]
1171,0,[],[]
1173,0,[],[]
1173,1,[],[]
1174,0,[],[]
1174,1,[],[]
1174,2,[],[]
1174,3,[],[]
1175,0,[],[]
1175,1,[],[]
1175,2,[],[]
1176,0,[],[]
1176,1,[],[]
1176,2,[],[]
1176,3,[],[]
1176,4,[],[]
1176,5,[],[]
1176,6,[],[]
1176,7,[],[]
1177,0,[],[]
1177,1,[],[]
1177,2,[],[]
1177,3,[],[]
1177,4,[],[]
1177,5,[],[]
1178,0,[],[]
1178,1,[],[]
1178,2,[],[]
1178,3,[],[]
1178,4,[],[]
1178,5,[],[]
1179,0,[],[]
1179,1,[],[]
1179,2,[],[]
1179,3,[],[]
1180,0,[],[]
1180,1,[],[]
1181,0,[],[]
1181,1,[],[]
1181,2,[],[]
1181,3,[],[]
1181,4,[],[]
1181,5,[],[]
1181,6,[],[]
1182,0,[],[]
1182,1,[],[]
1182,2,[],[]
1182,3,[],[]
1182,4,[],[]
1182,5,[],[]
1182,6,[],[]
1183,0,[],[]
1183,1,[],[]
1183,2,[],[]
1183,3,[],[]
1183,4,[],[]
1183,5,[],[]
1183,6,[],[]
1183,7,[],[]
1183,8,[],[]
1183,9,[],[]
1183,10,[],[]
1183,11,[],[]
1183,12,[],[]
1183,13,[],[]
1183,14,[],[]
1183,15,[],[]
1183,16,[],[]
1183,17,[],[]
1183,18,[],[]
1184,0,[],[]
1184,1,[],[]
1184,2,[],[]
1186,0,[],[]
1187,0,[],[]
1187,1,[],[]
1187,2,[],[]
1188,0,[],[]
1188,1,[],[]
1189,0,[],[]
1189,1,[],[]
1190,0,[],[]
1190,1,[],[]
1190,2,[],[]
1190,3,[],[]
1190,4,[],[]
1190,5,[],[]
1190,6,[],[]
1190,7,[],[]
1191,0,[],[]
1191,1,[],[]
1191,2,[],[]
1191,3,[],[]
1191,4,[],[]
1191,5,[],[]
1192,0,[],[]
1192,1,[],[]
1192,2,[],[]
1192,3,[],[]
1193,0,[],[]
1193,1,[],[]
1193,2,[],[]
1193,3,[],[]
1193,4,[],[]
1193,5,[],[]
1193,6,[],[]
1193,7,[],[]
1193,8,[],[]
1194,0,[],[]
1194,1,[],[]
1194,2,[],[]
1194,3,[],[]
1195,0,[],[]
1195,1,[],[]
1195,2,[],[]
1195,3,[],[]
1196,0,[],[]
1196,1,[],[]
1196,2,[],[]
1196,3,[],[]
1196,4,[],[]
1196,5,[],[]
1196,6,[],[]
1196,7,[],[]
1196,8,[],[]
1196,9,[],[]
1196,10,[],[]
1196,11,[],[]
1196,12,[],[]
1196,13,[],[]
1197,0,[],[]
1197,1,[],[]
1197,2,[],[]
1197,3,[],[]
1197,4,[],[]
1197,5,[],[]
1198,0,[],[]
1198,1,[],[]
1198,2,[],[]
1199,0,[],[]
1199,1,[],[]
1199,2,[],[]
1199,3,[],[]
1200,0,[],[]
1201,0,[],[]
1201,1,[],[]
1201,2,[],[]
1201,3,[],[]
1201,4,[],[]
1201,5,[],[]
1201,6,[],[]
1202,0,[],[]
1202,1,[],[]
1203,0,[],[]
1203,1,[],[]
1203,2,[],[]
1203,3,[],[]
1203,4,[],[]
1203,5,[],[]
1203,6,[],[]
1203,7,[],[]
1204,0,[],[]
1204,1,[],[]
1204,2,[],[]
1204,3,[],[]
1205,0,[],[]
1206,0,[],[]
1206,1,[],[]
1206,2,[],[]
1207,0,[],[]
1207,1,[],[]
1207,2,[],[]
1207,3,[],[]
1207,4,[],[]
1207,5,[],[]
1207,6,[],[]
1207,7,[],[]
1207,8,[],[]
1207,9,[],[]
1207,10,[],[]
1207,11,[],[]
1207,12,[],[]
1207,13,[],[]
1207,14,[],[]
1207,15,[],[]
1207,16,[],[]
1207,17,[],[]
1207,18,[],[]
1207,19,[],[]
1208,0,[],[]
1208,1,[],[]
1208,2,[],[]
1208,3,[],[]
1208,4,[],[]
1208,5,[],[]
1208,6,[],[]
1208,7,[],[]
1208,8,[],[]
1208,9,[],[]
1208,10,[],[]
1208,11,[],[]
1208,12,[],[]
1210,0,[],[]
1210,1,[],[]
1210,2,[],[]
1210,3,[],[]
1210,4,[],[]
1210,5,[],[]
1210,6,[],[]
1210,7,[],[]
1211,0,[],[]
1211,1,[],[]
1211,2,[],[]
1212,0,[],[]
1212,1,[],[]
1212,2,[],[]
1212,3,[],[]
1212,4,[],[]
1212,5,[],[]
1212,6,[],[]
1212,7,[],[]
1212,8,[],[]
1213,0,[],[]
1213,1,[],[]
1213,2,[],[]
1213,3,[],[]
1213,4,[],[]
1213,5,[],[]
1213,6,[],[]
1213,7,[],[]
1213,8,[],[]
1214,0,[],[]
1214,1,[],[]
1214,2,[],[]
1214,3,[],[]
1214,4,[],[]
1214,5,[],[]
1215,0,[],[]
1215,1,[],[]
1215,2,[],[]
1215,3,[],[]
1215,4,[],[]
1215,5,[],[]
1215,6,[],[]
1215,7,[],[]
1216,0,[],[]
1216,1,[],[]
1216,2,[],[]
1217,0,[],[]
1218,0,[],[]
1218,1,[],[]
1218,2,[],[]
1218,3,[],[]
1219,0,[],[]
1219,1,[],[]
1219,2,[],[]
1219,3,[],[]
1219,4,[],[]
1219,5,[],[]
1221,0,[],[]
1221,1,[],[]
1221,2,[],[]
1221,3,[],[]
1221,4,[],[]
1221,5,[],[]
1221,6,[],[]
1222,0,[],[]
1222,1,[],[]
1222,2,[],[]
1222,3,[],[]
1222,4,[],[]
1222,5,[],[]
1222,6,[],[]
1222,7,[],[]
1223,0,[],[]
1223,1,[],[]
1223,2,[],[]
1223,3,[],[]
1223,4,[],[]
1223,5,[],[]
1223,6,[],[]
1223,7,[],[]
1224,0,[],[]
1224,1,[],[]
1224,2,[],[]
1224,3,[],[]
1224,4,[],[]
1224,5,[],[]
1224,6,[],[]
1224,7,[],[]
1224,8,[],[]
1224,9,[],[]
1225,0,[],[]
1225,1,[],[]
1225,2,[],[]
1225,3,[],[]
1225,4,[],[]
1225,5,[],[]
1225,6,[],[]
1225,7,[],[]
1225,8,[],[]
1225,9,[],[]
1225,10,[],[]
1225,11,[],[]
1225,12,[],[]
1225,13,[],[]
1225,14,[],[]
1225,15,[],[]
1226,0,[],[]
1226,1,[],[]
1226,2,[],[]
1226,3,[],[]
1226,4,[],[]
1226,5,[],[]
1226,6,[],[]
1226,7,[],[]
1226,8,[],[]
1226,9,[],[]
1226,10,[],[]
1227,0,[],[]
1227,1,[],[]
1227,2,[],[]
1227,3,[],[]
1227,4,[],[]
1227,5,[],[]
1227,6,[],[]
1227,7,[],[]
1227,8,[],[]
1227,9,[],[]
1227,10,[],[]
1227,11,[],[]
1227,12,[],[]
1228,0,[],[]
1228,1,[],[]
1228,2,[],[]
1229,0,[],[]
1229,1,[],[]
1229,2,[],[]
1230,0,[],[]
1231,0,[],[]
1231,1,[],[]
1231,2,[],[]
1231,3,[],[]
1231,4,[],[]
1232,0,[],[]
1232,1,[],[]
1232,2,[],[]
1232,3,[],[]
1232,4,[],[]
1232,5,[],[]
1232,6,[],[]
1233,0,[],[]
1233,1,[],[]
1233,2,[],[]
1233,3,[],[]
1233,4,[],[]
1233,5,[],[]
1233,6,[],[]
1233,7,[],[]
1233,8,[],[]
1233,9,[],[]
1234,0,[],[]
1234,1,[],[]
1234,2,[],[]
1234,3,[],[]
1234,4,[],[]
1234,5,[],[]
1234,6,[],[]
1234,7,[],[]
1234,8,[],[]
1234,9,[],[]
1235,0,[],[]
1235,1,[],[]
1235,2,[],[]
1235,3,[],[]
1235,4,[],[]
1235,5,[],[]
1235,6,[],[]
1235,7,[],[]
1235,8,[],[]
1235,9,[],[]
1235,10,[],[]
1236,0,[],[]
1236,1,[],[]
1236,2,[],[]
1236,3,[],[]
1236,4,[],[]
1236,5,[],[]
1236,6,[],[]
1236,7,[],[]
1236,8,[],[]
1236,9,[],[]
1237,0,[],[]
1237,1,[],[]
1237,2,[],[]
1237,3,[],[]
1237,4,[],[]
1238,0,[],[]
1238,1,[],[]
1238,2,[],[]
1238,3,[],[]
1238,4,[],[]
1238,5,[],[]
1238,6,[],[]
1238,7,[],[]
1238,8,[],[]
1238,9,[],[]
1239,0,[],[]
1239,1,[],[]
1239,2,[],[]
1239,3,[],[]
1239,4,[],[]
1239,5,[],[]
1239,6,[],[]
1239,7,[],[]
1240,0,[],[]
1241,0,[],[]
1241,1,[],[]
1241,2,[],[]
1241,3,[],[]
1241,4,[],[]
1241,5,[],[]
1241,6,[],[]
1241,7,[],[]
1241,8,[],[]
1242,0,[],[]
1242,1,[],[]
1242,2,[],[]
1242,3,[],[]
1242,4,[],[]
1242,5,[],[]
1243,0,[],[]
1243,1,[],[]
1243,2,[],[]
1243,3,[],[]
1243,4,[],[]
1243,5,[],[]
1243,6,[],[]
1244,0,[],[]
1244,1,[],[]
1245,0,[],[]
1245,1,[],[]
1245,2,[],[]
1245,3,[],[]
1245,4,[],[]
1245,5,[],[]
1245,6,[],[]
1245,7,[],[]
1246,0,[],[]
1246,1,[],[]
1246,2,[],[]
1246,3,[],[]
1246,4,[],[]
1246,5,[],[]
1246,6,[],[]
1247,0,[],[]
1247,1,[],[]
1247,2,[],[]
1247,3,[],[]
1248,0,[],[]
1248,1,[],[]
1248,2,[],[]
1249,0,[],[]
1249,1,[],[]
1249,2,[],[]
1249,3,[],[]
1249,4,[],[]
1249,5,[],[]
1249,6,[],[]
1249,7,[],[]
1250,0,[],[]
1250,1,[],[]
1250,2,[],[]
1250,3,[],[]
1251,0,[],[]
1251,1,[],[]
1251,2,[],[]
1251,3,[],[]
1251,4,[],[]
1251,5,[],[]
1251,6,[],[]
1251,7,[],[]
1253,0,[],[]
1253,1,[],[]
1253,2,[],[]
1253,3,[],[]
1253,4,[],[]
1254,0,[],[]
1254,1,[],[]
1254,2,[],[]
1254,3,[],[]
1255,0,[],[]
1255,1,[],[]
1255,2,[],[]
1255,3,[],[]
1255,4,[],[]
1256,0,[],[]
1256,1,[],[]
1256,2,[],[]
1257,0,[],[]
1257,1,[],[]
1257,2,[],[]
1257,3,[],[]
1258,0,[],[]
1258,1,[],[]
1258,2,[],[]
1258,3,[],[]
1258,4,[],[]
1258,5,[],[]
1258,6,[],[]
1258,7,[],[]
1258,8,[],[]
1258,9,[],[]
1258,10,[],[]
1258,11,[],[]
1276,0,[],[]
1276,1,[],[]
1276,2,[],[]
1276,3,[],[]
1276,4,[],[]
1276,5,[],[]
1276,6,[],[]
1276,7,[],[]
1277,0,[],[]
1278,0,[],[]
1278,1,[],[]
1278,2,[],[]
1278,3,[],[]
1278,4,[],[]
1278,5,[],[]
1278,6,[],[]
1279,0,[],[]
1279,1,[],[]
1279,2,[],[]
1280,0,[],[]
1281,0,[],[]
1281,1,[],[]
1282,0,[],[]
1283,0,[],[]
1283,1,[],[]
1283,2,[],[]
1283,3,[],[]
1284,0,[],[]
1284,1,[],[]
1284,2,[],[]
1284,3,[],[]
1284,4,[],[]
1284,5,[],[]
1285,0,[],[]
1285,1,[],[]
1286,0,[],[]
1287,0,[],[]
1287,1,[],[]
1288,0,[],[]
1288,1,[],[]
1289,0,[],[]
1289,1,[],[]
1289,2,[],[]
1289,3,[],[]
1289,4,[],[]
1289,5,[],[]
1289,6,[],[]
1289,7,[],[]
1289,8,[],[]
1289,9,[],[]
1289,10,[],[]
1289,11,[],[]
1289,12,[],[]
1289,13,[],[]
1289,14,[],[]
1289,15,[],[]
1290,0,[],[]
1290,1,[],[]
1290,2,[],[]
1291,0,[],[]
1291,1,[],[]
1292,0,[],[]
1292,1,[],[]
1294,0,[],[]
1294,1,[],[]
1294,2,[],[]
1296,0,[],[]
1297,0,[],[]
1297,1,[],[]
1297,2,[],[]
1298,0,[],[]
1298,1,[],[]
1298,2,[],[]
1298,3,[],[]
1299,0,[],[]
1300,0,[],[]
1300,1,[],[]
1300,2,[],[]
1301,0,[],[]
1301,1,[],[]
1302,0,[],[]
1302,1,[],[]
1302,2,[],[]
1302,3,[],[]
1302,4,[],[]
1303,0,[],[]
1303,1,[],[]
1303,2,[],[]
1303,3,[],[]
1303,4,[],[]
1304,0,[],[]
1304,1,[],[]
1305,0,[],[]
1305,1,[],[]
1305,2,[],[]
1306,0,[],[]
1306,1,[],[]
1306,2,[],[]
1306,3,[],[]
1306,4,[],[]
1306,5,[],[]
1306,6,[],[]
1306,7,[],[]
1307,0,[],[]
1307,1,[],[]
1307,2,[],[]
1307,3,[],[]
1307,4,[],[]
1307,5,[],[]
1307,6,[],[]
1307,7,[],[]
1307,8,[],[]
1307,9,[],[]
1307,10,[],[]
1307,11,[],[]
1307,12,[],[]
1307,13,[],[]
1308,0,[],[]
1308,1,[],[]
1308,2,[],[]
1308,3,[],[]
1308,4,[],[]
1357,0,[],[]
1357,1,[],[]
1357,2,[],[]
1358,0,[],[]
1358,1,[],[]
1358,2,[],[]
1358,3,[],[]
1358,4,[],[]
1358,5,[],[]
1358,6,[],[]
1358,7,[],[]
1359,0,[],[]
1359,1,[],[]
1360,0,[],[]
1362,0,[],[]
1362,1,[],[]
1362,2,[],[]
1362,3,[],[]
1363,0,[],[]
1363,1,[],[]
1364,0,[],[]
1364,1,[],[]
1364,2,[],[]
1365,0,[],[]
1365,1,[],[]
1365,2,[],[]
1365,3,[],[]
1366,0,[],[]
1366,1,[],[]
1366,2,[],[]
1366,3,[],[]
1366,4,[],[]
1367,0,[],[]
1367,1,[],[]
1367,2,[],[]
1367,3,[],[]
1368,0,[],[]
1368,1,[],[]
1368,2,[],[]
1369,0,[],[]
1369,1,[],[]
1370,0,[],[]
1370,1,[],[]
1371,0,[],[]
1371,1,[],[]
1372,0,[],[]
1372,1,[],[]
1373,0,[],[]
1373,1,[],[]
1373,2,[],[]
1373,3,[],[]
1373,4,[],[]
1373,5,[],[]
1373,6,[],[]
1374,0,[],[]
1374,1,[],[]
1374,2,[],[]
1374,3,[],[]
1375,0,[],[]
1376,0,[],[]
1376,1,[],[]
1376,2,[],[]
1376,3,[],[]
1377,0,[],[]
1377,1,[],[]
1377,2,[],[]
1378,0,[],[]
1378,1,[],[]
1378,2,[],[]
1378,3,[],[]
1379,0,[],[]
1379,1,[],[]
1379,2,[],[]
1379,3,[],[]
1379,4,[],[]
1379,5,[],[]
1380,0,[],[]
1380,1,[],[]
1380,2,[],[]
1381,0,[],[]
1381,1,[],[]
1381,2,[],[]
1381,3,[],[]
1382,0,[],[]
1382,1,[],[]
1384,0,[],[]
1384,1,[],[]
1384,2,[],[]
1384,3,[],[]
1384,4,[],[]
1384,5,[],[]
1385,0,[],[]
1385,1,[],[]
1385,2,[],[]
1385,3,[],[]
1386,0,[],[]
1386,1,[],[]
1386,2,[],[]
1386,3,[],[]
1387,0,[],[]
1387,1,[],[]
1387,2,[],[]
1387,3,[],[]
1388,0,[],[]
1388,1,[],[]
1388,2,[],[]
1388,3,[],[]
1388,4,[],[]
1389,0,[],[]
1389,1,[],[]
1389,2,[],[]
1389,3,[],[]
1389,4,[],[]
1390,0,[],[]
1390,1,[],[]
1390,2,[],[]
1390,3,[],[]
1391,0,[],[]
1391,1,[],[]
1391,2,[],[]
1391,3,[],[]
1392,0,[],[]
1392,1,[],[]
1392,2,[],[]
1392,3,[],[]
1392,4,[],[]
1393,0,[],[]
1393,1,[],[]
1393,2,[],[]
1393,3,[],[]
1393,4,[],[]
1393,5,[],[]
1393,6,[],[]
1393,7,[],[]
1395,0,[],[]
1395,1,[],[]
1395,2,[],[]
1395,3,[],[]
1395,4,[],[]
1395,5,[],[]
1395,6,[],[]
1395,7,[],[]
1396,0,[],[]
1396,1,[],[]
1396,2,[],[]
1397,0,[],[]
1397,1,[],[]
1397,2,[],[]
1398,0,[],[]
1398,1,[],[]
1398,2,[],[]
1398,3,[],[]
1398,4,[],[]
1399,0,[],[]
1399,1,[],[]
1399,2,[],[]
1399,3,[],[]
1400,0,[],[]
1400,1,[],[]
1400,2,[],[]
1400,3,[],[]
1400,4,[],[]
1400,5,[],[]
1401,0,[],[]
1401,1,[],[]
1401,2,[],[]
1401,3,[],[]
1401,4,[],[]
1401,5,[],[]
1402,0,[],[]
1402,1,[],[]
1402,2,[],[]
1402,3,[],[]
1403,0,[],[]
1403,1,[],[]
1403,2,[],[]
1404,0,[],[]
1404,1,[],[]
1404,2,[],[]
1404,3,[],[]
1404,4,[],[]
1405,0,[],[]
1405,1,[],[]
1405,2,[],[]
1406,0,[],[]
1406,1,[],[]
1406,2,[],[]
1407,0,[],[]
1408,0,[],[]
1408,1,[],[]
1408,2,[],[]
1408,3,[],[]
1408,4,[],[]
1408,5,[],[]
1408,6,[],[]
1408,7,[],[]
1409,0,[],[]
1409,1,[],[]
1410,0,[],[]
1410,1,[],[]
1410,2,[],[]
1410,3,[],[]
1410,4,[],[]
1410,5,[],[]
1410,6,[],[]
1410,7,[],[]
1410,8,[],[]
1410,9,[],[]
1410,10,[],[]
1411,0,[],[]
1411,1,[],[]
1411,2,[],[]
1411,3,[],[]
1412,0,[],[]
1412,1,[],[]
1412,2,[],[]
1412,3,[],[]
1412,4,[],[]
1412,5,[],[]
1412,6,[],[]
1413,0,[],[]
1413,1,[],[]
1415,0,[],[]
1415,1,[],[]
1415,2,[],[]
1415,3,[],[]
1415,4,[],[]
1415,5,[],[]
1415,6,[],[]
1416,0,[],[]
1416,1,[],[]
1416,2,[],[]
1416,3,[],[]
1416,4,[],[]
1417,0,[],[]
1417,1,[],[]
1418,0,[],[]
1418,1,[],[]
1418,2,[],[]
1419,0,[],[]
1419,1,[],[]
1419,2,[],[]
1419,3,[],[]
1420,0,[],[]
1420,1,[],[]
1420,2,[],[]
1420,3,[],[]
1421,0,[],[]
1422,0,[],[]
1422,1,[],[]
1422,2,[],[]
1422,3,[],[]
1422,4,[],[]
1423,0,[],[]
1423,1,[],[]
1424,0,[],[]
1424,1,[],[]
1424,2,[],[]
1425,0,[],[]
1425,1,[],[]
1426,0,[],[]
1426,1,[],[]
1427,0,[],[]
1427,1,[],[]
1427,2,[],[]
1427,3,[],[]
1427,4,[],[]
1427,5,[],[]
1427,6,[],[]
1427,7,[],[]
1427,8,[],[]
1427,9,[],[]
1427,10,[],[]
1427,11,[],[]
1427,12,[],[]
1428,0,[],[]
1429,0,[],[]
1429,1,[],[]
1429,2,[],[]
1430,0,[],[]
1430,1,[],[]
1430,2,[],[]
1430,3,[],[]
1430,4,[],[]
1430,5,[],[]
1430,6,[],[]
1430,7,[],[]
1430,8,[],[]
1430,9,[],[]
1430,10,[],[]
1430,11,[],[]
1430,12,[],[]
1430,13,[],[]
1431,0,[],[]
1431,1,[],[]
1431,2,[],[]
1432,0,[],[]
1432,1,[],[]
1432,2,[],[]
1432,3,[],[]
1432,4,[],[]
1432,5,[],[]
1432,6,[],[]
1432,7,[],[]
1432,8,[],[]
1432,9,[],[]
1432,10,[],[]
1433,0,[],[]
1433,1,[],[]
1433,2,[],[]
1434,0,[],[]
1434,1,[],[]
1434,2,[],[]
1434,3,[],[]
1434,4,[],[]
1435,0,[],[]
1435,1,[],[]
1435,2,[],[]
1435,3,[],[]
1435,4,[],[]
1435,5,[],[]
1435,6,[],[]
1435,7,[],[]
1436,0,[],[]
1436,1,[],[]
1436,2,[],[]
1437,0,[],[]
1437,1,[],[]
1437,2,[],[]
1437,3,[],[]
1437,4,[],[]
1438,0,[],[]
1438,1,[],[]
1438,2,[],[]
1438,3,[],[]
1438,4,[],[]
1438,5,[],[]
1438,6,[],[]
1439,0,[],[]
1439,1,[],[]
1440,0,[],[]
1440,1,[],[]
1440,2,[],[]
1440,3,[],[]
1440,4,[],[]
1443,0,[],[]
1443,1,[],[]
1443,2,[],[]
1443,3,[],[]
1443,4,[],[]
1444,0,[],[]
1444,1,[],[]
1444,2,[],[]
1444,3,[],[]
1445,0,[],[]
1445,1,[],[]
1445,2,[],[]
1445,3,[],[]
1445,4,[],[]
1445,5,[],[]
1445,6,[],[]
1445,7,[],[]
1445,8,[],[]
1445,9,[],[]
1445,10,[],[]
1445,11,[],[]
1446,0,[],[]
1446,1,[],[]
1447,0,[],[]
1447,1,[],[]
1448,0,[],[]
1448,1,[],[]
1448,2,[],[]
1448,3,[],[]
1449,0,[],[]
1449,1,[],[]
1449,2,[],[]
1450,0,[],[]
1451,0,[],[]
1452,0,[],[]
1452,1,[],[]
1453,0,[],[]
1453,1,[],[]
1453,2,[],[]
1453,3,[],[]
1453,4,[],[]
1454,0,[],[]
1454,1,[],[]
1454,2,[],[]
1454,3,[],[]
1454,4,[],[]
1454,5,[],[]
1454,6,[],[]
1454,7,[],[]
1454,8,[],[]
1455,0,[],[]
1455,1,[],[]
1455,2,[],[]
1455,3,[],[]
1456,0,[],[]
1456,1,[],[]
1456,2,[],[]
1457,0,[],[]
1457,1,[],[]
1457,2,[],[]
1457,3,[],[]
1457,4,[],[]
1457,5,[],[]
1457,6,[],[]
1457,7,[],[]
1458,0,[],[]
1458,1,[],[]
1458,2,[],[]
1459,0,[],[]
1459,1,[],[]
1459,2,[],[]
1459,3,[],[]
1459,4,[],[]
1459,5,[],[]
1459,6,[],[]
1459,7,[],[]
1459,8,[],[]
1459,9,[],[]
1460,0,[],[]
1460,1,[],[]
1460,2,[],[]
1460,3,[],[]
1460,4,[],[]
1461,0,[],[]
1461,1,[],[]
1461,2,[],[]
1462,0,[],[]
1463,0,[],[]
1463,1,[],[]
1463,2,[],[]
1464,0,[],[]
1464,1,[],[]
1464,2,[],[]
1465,0,[],[]
1466,0,[],[]
1466,1,[],[]
1466,2,[],[]
1466,3,[],[]
1466,4,[],[]
1467,0,[],[]
1468,0,[],[]
1468,1,[],[]
1468,2,[],[]
1468,3,[],[]
1469,0,[],[]
1469,1,[],[]
1470,0,[],[]
1470,1,[],[]
1471,0,[],[]
1472,0,[],[]
1472,1,[],[]
1472,2,[],[]
1473,0,[],[]
1473,1,[],[]
1473,2,[],[]
1473,3,[],[]
1473,4,[],[]
1474,0,[],[]
1474,1,[],[]
1474,2,[],[]
1474,3,[],[]
1474,4,[],[]
1475,0,[],[]
1475,1,[],[]
1475,2,[],[]
1475,3,[],[]
1475,4,[],[]
1475,5,[],[]
1475,6,[],[]
1475,7,[],[]
1475,8,[],[]
1476,0,[],[]
1476,1,[],[]
1477,0,[],[]
1477,1,[],[]
1477,2,[],[]
1477,3,[],[]
1478,0,[],[]
1478,1,[],[]
1478,2,[],[]
1478,3,[],[]
1479,0,[],[]
1479,1,[],[]
1479,2,[],[]
1479,3,[],[]
1479,4,[],[]
1479,5,[],[]
1479,6,[],[]
1479,7,[],[]
1479,8,[],[]
1480,0,[],[]
1480,1,[],[]
1480,2,[],[]
1480,3,[],[]
1480,4,[],[]
1480,5,[],[]
1480,6,[],[]
1480,7,[],[]
1480,8,[],[]
1480,9,[],[]
1480,10,[],[]
1480,11,[],[]
1480,12,[],[]
1480,13,[],[]
1480,14,[],[]
1480,15,[],[]
1480,16,[],[]
1480,17,[],[]
1480,18,[],[]
1480,19,[],[]
1480,20,[],[]
1480,21,[],[]
1480,22,[],[]
1480,23,[],[]
1480,24,[],[]
1480,25,[],[]
1480,26,[],[]
1480,27,[],[]
1481,0,[],[]
1481,1,[],[]
1481,2,[],[]
1482,0,[],[]
1482,1,[],[]
1482,2,[],[]
1482,3,[],[]
1483,0,[],[]
1483,1,[],[]
1483,2,[],[]
1483,3,[],[]
1483,4,[],[]
1483,5,[],[]
1483,6,[],[]
1484,0,[],[]
1484,1,[],[]
1485,0,[],[]
1485,1,[],[]
1485,2,[],[]
1485,3,[],[]
1485,4,[],[]
1485,5,[],[]
1485,6,[],[]
1486,0,[],[]
1486,1,[],[]
1486,2,[],[]
1486,3,[],[]
1486,4,[],[]
1486,5,[],[]
1486,6,[],[]
1487,0,[],[]
1487,1,[],[]
1487,2,[],[]
1487,3,[],[]
1487,4,[],[]
1488,0,[],[]
1488,1,[],[]
1488,2,[],[]
1488,3,[],[]
1489,0,[],[]
1490,0,[],[]
1490,1,[],[]
1490,2,[],[]
1490,3,[],[]
1490,4,[],[]
1490,5,[],[]
1490,6,[],[]
1491,0,[],[]
1491,1,[],[]
1491,2,[],[]
1491,3,[],[]
1491,4,[],[]
1491,5,[],[]
1491,6,[],[]
1491,7,[],[]
1492,0,[],[]
1492,1,[],[]
1492,2,[],[]
1492,3,[],[]
1493,0,[],[]
1493,1,[],[]
1493,2,[],[]
1493,3,[],[]
1493,4,[],[]
1493,5,[],[]
1494,0,[],[]
1494,1,[],[]
1494,2,[],[]
1494,3,[],[]
1494,4,[],[]
1494,5,[],[]
1494,6,[],[]
1494,7,[],[]
1494,8,[],[]
1494,9,[],[]
1495,0,[],[]
1496,0,[],[]
1496,1,[],[]
1496,2,[],[]
1496,3,[],[]
1496,4,[],[]
1496,5,[],[]
1496,6,[],[]
1496,7,[],[]
1496,8,[],[]
1496,9,[],[]
1497,0,[],[]
1497,1,[],[]
1497,2,[],[]
1497,3,[],[]
1497,4,[],[]
1497,5,[],[]
1497,6,[],[]
1497,7,[],[]
1497,8,[],[]
1497,9,[],[]
1497,10,[],[]
1498,0,[],[]
1498,1,[],[]
1498,2,[],[]
1498,3,[],[]
1499,0,[],[]
1499,1,[],[]
1499,2,[],[]
1499,3,[],[]
1500,0,[],[]
1500,1,[],[]
1500,2,[],[]
1500,3,[],[]
1501,0,[],[]
1501,1,[],[]
1501,2,[],[]
1501,3,[],[]
1501,4,[],[]
1502,0,[],[]
1502,1,[],[]
1502,2,[],[]
1502,3,[],[]
1502,4,[],[]
1502,5,[],[]
1502,6,[],[]
1502,7,[],[]
1502,8,[],[]
1502,9,[],[]
1502,10,[],[]
1502,11,[],[]
1502,12,[],[]
1502,13,[],[]
1502,14,[],[]
1502,15,[],[]
1502,16,[],[]
1502,17,[],[]
1502,18,[],[]
1502,19,[],[]
1502,20,[],[]
1502,21,[],[]
1502,22,[],[]
1502,23,[],[]
1502,24,[],[]
1502,25,[],[]
1502,26,[],[]
1502,27,[],[]
1503,0,[],[]
1503,1,[],[]
1504,0,[],[]
1504,1,[],[]
1504,2,[],[]
1504,3,[],[]
1505,0,[],[]
1505,1,[],[]
1505,2,[],[]
1505,3,[],[]
1505,4,[],[]
1505,5,[],[]
1505,6,[],[]
1505,7,[],[]
1506,0,[],[]
1506,1,[],[]
1506,2,[],[]
1506,3,[],[]
1506,4,[],[]
1506,5,[],[]
1507,0,[],[]
1507,1,[],[]
1507,2,[],[]
1507,3,[],[]
1507,4,[],[]
1507,5,[],[]
1507,6,[],[]
1508,0,[],[]
1508,1,[],[]
1508,2,[],[]
1508,3,[],[]
1509,0,[],[]
1509,1,[],[]
1509,2,[],[]
1510,0,[],[]
1510,1,[],[]
1510,2,[],[]
1510,3,[],[]
1510,4,[],[]
1510,5,[],[]
1510,6,[],[]
1510,7,[],[]
1511,0,[],[]
1511,1,[],[]
1511,2,[],[]
1511,3,[],[]
1511,4,[],[]
1512,0,[],[]
1512,1,[],[]
1512,2,[],[]
1512,3,[],[]
1512,4,[],[]
1512,5,[],[]
1512,6,[],[]
1512,7,[],[]
1512,8,[],[]
1512,9,[],[]
1512,10,[],[]
1512,11,[],[]
1512,12,[],[]
1512,13,[],[]
1512,14,[],[]
1512,15,[],[]
1512,16,[],[]
1512,17,[],[]
1513,0,[],[]
1513,1,[],[]
1513,2,[],[]
1513,3,[],[]
1513,4,[],[]
1513,5,[],[]
1513,6,[],[]
1515,0,[],[]
1515,1,[],[]
1516,0,[],[]
1516,1,[],[]
1516,2,[],[]
1516,3,[],[]
1516,4,[],[]
1516,5,[],[]
1516,6,[],[]
1516,7,[],[]
1516,8,[],[]
1516,9,[],[]
1516,10,[],[]
1516,11,[],[]
1516,12,[],[]
1516,13,[],[]
1516,14,[],[]
1517,0,[],[]
1517,1,[],[]
1517,2,[],[]
1517,3,[],[]
1518,0,[],[]
1518,1,[],[]
1518,2,[],[]
1518,3,[],[]
1518,4,[],[]
1519,0,[],[]
1519,1,[],[]
1520,0,[],[]
1520,1,[],[]
1520,2,[],[]
1520,3,[],[]
1520,4,[],[]
1520,5,[],[]
1521,0,[],[]
1521,1,[],[]
1521,2,[],[]
1521,3,[],[]
1521,4,[],[]
1522,0,[],[]
1522,1,[],[]
1522,2,[],[]
1522,3,[],[]
1522,4,[],[]
1523,0,[],[]
1523,1,[],[]
1523,2,[],[]
1525,0,[],[]
1525,1,[],[]
1525,2,[],[]
1526,0,[],[]
1526,1,[],[]
1526,2,[],[]
1526,3,[],[]
1527,0,[],[]
1527,1,[],[]
1527,2,[],[]
1527,3,[],[]
1527,4,[],[]
1527,5,[],[]
1527,6,[],[]
1527,7,[],[]
1527,8,[],[]
1527,9,[],[]
1527,10,[],[]
1527,11,[],[]
1527,12,[],[]
1527,13,[],[]
1527,14,[],[]
1527,15,[],[]
1528,0,[],[]
1528,1,[],[]
1528,2,[],[]
1528,3,[],[]
1528,4,[],[]
1529,0,[],[]
1529,1,[],[]
1529,2,[],[]
1529,3,[],[]
1529,4,[],[]
1530,0,[],[]
1530,1,[],[]
1530,2,[],[]
1530,3,[],[]
1530,4,[],[]
1531,0,[],[]
1531,1,[],[]
1531,2,[],[]
1532,0,[],[]
1532,1,[],[]
1532,2,[],[]
1532,3,[],[]
1532,4,[],[]
1532,5,[],[]
1532,6,[],[]
1533,0,[],[]
1533,1,[],[]
1534,0,[],[]
1534,1,[],[]
1535,0,[],[]
1535,1,[],[]
1536,0,[],[]
1536,1,[],[]
1536,2,[],[]
1537,0,[],[]
1538,0,[],[]
1538,1,[],[]
1538,2,[],[]
1539,0,[],[]
1539,1,[],[]
1539,2,[],[]
1539,3,[],[]
1540,0,[],[]
1540,1,[],[]
1541,0,[],[]
1542,0,[],[]
1542,1,[],[]
1542,2,[],[]
1542,3,[],[]
1542,4,[],[]
1543,0,[],[]
1543,1,[],[]
1543,2,[],[]
1543,3,[],[]
1543,4,[],[]
1543,5,[],[]
1543,6,[],[]
1544,0,[],[]
1544,1,[],[]
1544,2,[],[]
1544,3,[],[]
1546,0,[],[]
1546,1,[],[]
1546,2,[],[]
1546,3,[],[]
1546,4,[],[]
1546,5,[],[]
1547,0,[],[]
1547,1,[],[]
1547,2,[],[]
1547,3,[],[]
1547,4,[],[]
1548,0,[],[]
1548,1,[],[]
1548,2,[],[]
1548,3,[],[]
1548,4,[],[]
1548,5,[],[]
1549,0,[],[]
1549,1,[],[]
1550,0,[],[]
1550,1,[],[]
1550,2,[],[]
1550,3,[],[]
1550,4,[],[]
1551,0,[],[]
1551,1,[],[]
1551,2,[],[]
1551,3,[],[]
1551,4,[],[]
1551,5,[],[]
1551,6,[],[]
1551,7,[],[]
1552,0,[],[]
1552,1,[],[]
1552,2,[],[]
1553,0,[],[]
1553,1,[],[]
1553,2,[],[]
1553,3,[],[]
1554,0,[],[]
1554,1,[],[]
1554,2,[],[]
1554,3,[],[]
1555,0,[],[]
1555,1,[],[]
1555,2,[],[]
1555,3,[],[]
1556,0,[],[]
1556,1,[],[]
1556,2,[],[]
1556,3,[],[]
1557,0,[],[]
1557,1,[],[]
1557,2,[],[]
1557,3,[],[]
1558,0,[],[]
1558,1,[],[]
1558,2,[],[]
1558,3,[],[]
1559,0,[],[]
1559,1,[],[]
1560,0,[],[]
1560,1,[],[]
1562,0,[],[]
1562,1,[],[]
1563,0,[],[]
1563,1,[],[]
1563,2,[],[]
1563,3,[],[]
1563,4,[],[]
1564,0,[],[]
1564,1,[],[]
1565,0,[],[]
1565,1,[],[]
1565,2,[],[]
1566,0,[],[]
1566,1,[],[]
1566,2,[],[]
1566,3,[],[]
1566,4,[],[]
1566,5,[],[]
1566,6,[],[]
1567,0,[],[]
1567,1,[],[]
1568,0,[],[]
1568,1,[],[]
1568,2,[],[]
1568,3,[],[]
1568,4,[],[]
1568,5,[],[]
1568,6,[],[]
1568,7,[],[]
1568,8,[],[]
1568,9,[],[]
1568,10,[],[]
1568,11,[],[]
1568,12,[],[]
1568,13,[],[]
1568,14,[],[]
1568,15,[],[]
1569,0,[],[]
1569,1,[],[]
1570,0,[],[]
1570,1,[],[]
1571,0,[],[]
1572,0,[],[]
1572,1,[],[]
1573,0,[],[]
1573,1,[],[]
1573,2,[],[]
1573,3,[],[]
1573,4,[],[]
1574,0,[],[]
1574,1,[],[]
1574,2,[],[]
1575,0,[],[]
1575,1,[],[]
1575,2,[],[]
1575,3,[],[]
1575,4,[],[]
1575,5,[],[]
1576,0,[],[]
1576,1,[],[]
1576,2,[],[]
1577,0,[],[]
1577,1,[],[]
1577,2,[],[]
1577,3,[],[]
1577,4,[],[]
1578,0,[],[]
1578,1,[],[]
1578,2,[],[]
1579,0,[],[]
1580,0,[],[]
1580,1,[],[]
1580,2,[],[]
1580,3,[],[]
1581,0,[],[]
1581,1,[],[]
1581,2,[],[]
1581,3,[],[]
1581,4,[],[]
1582,0,[],[]
1582,1,[],[]
1583,0,[],[]
1584,0,[],[]
1585,0,[],[]
1586,0,[],[]
1586,1,[],[]
1586,2,[],[]
1586,3,[],[]
1586,4,[],[]
1586,5,[],[]
1586,6,[],[]
1586,7,[],[]
1586,8,[],[]
1587,0,[],[]
1587,1,[],[]
1587,2,[],[]
1588,0,[],[]
1588,1,[],[]
1589,0,[],[]
1589,1,[],[]
1589,2,[],[]
1589,3,[],[]
1590,0,[],[]
1590,1,[],[]
1590,2,[],[]
1591,0,[],[]
1591,1,[],[]
1591,2,[],[]
1591,3,[],[]
1591,4,[],[]
1591,5,[],[]
1591,6,[],[]
1591,7,[],[]
1592,0,[],[]
1592,1,[],[]
1593,0,[],[]
1593,1,[],[]
1593,2,[],[]
1593,3,[],[]
1593,4,[],[]
1593,5,[],[]
1593,6,[],[]
1593,7,[],[]
1593,8,[],[]
1594,0,[],[]
1594,1,[],[]
1594,2,[],[]
1594,3,[],[]
1594,4,[],[]
1595,0,[],[]
1595,1,[],[]
1595,2,[],[]
1595,3,[],[]
1595,4,[],[]
1596,0,[],[]
1596,1,[],[]
1596,2,[],[]
1596,3,[],[]
1596,4,[],[]
1596,5,[],[]
1596,6,[],[]
1596,7,[],[]
1596,8,[],[]
1597,0,[],[]
1597,1,[],[]
1597,2,[],[]
1597,3,[],[]
1597,4,[],[]
1598,0,[],[]
1598,1,[],[]
1598,2,[],[]
1599,0,[],[]
1600,0,[],[]
1600,1,[],[]
1600,2,[],[]
1600,3,[],[]
1601,0,[],[]
1601,1,[],[]
1601,2,[],[]
1601,3,[],[]
1601,4,[],[]
1601,5,[],[]
1601,6,[],[]
1601,7,[],[]
1602,0,[],[]
1602,1,[],[]
1603,0,[],[]
1603,1,[],[]
1603,2,[],[]
1603,3,[],[]
1603,4,[],[]
1603,5,[],[]
1604,0,[],[]
1604,1,[],[]
1604,2,[],[]
1604,3,[],[]
1604,4,[],[]
1604,5,[],[]
1604,6,[],[]
1604,7,[],[]
1604,8,[],[]
1604,9,[],[]
1604,10,[],[]
1604,11,[],[]
1605,0,[],[]
1605,1,[],[]
1605,2,[],[]
1605,3,[],[]
1605,4,[],[]
1605,5,[],[]
1606,0,[],[]
1606,1,[],[]
1606,2,[],[]
1607,0,[],[]
1607,1,[],[]
1607,2,[],[]
1607,3,[],[]
1607,4,[],[]
1607,5,[],[]
1608,0,[],[]
1608,1,[],[]
1608,2,[],[]
1608,3,[],[]
1608,4,[],[]
1609,0,[],[]
1609,1,[],[]
1609,2,[],[]
1609,3,[],[]
1610,0,[],[]
1610,1,[],[]
1610,2,[],[]
1611,0,[],[]
1611,1,[],[]
1611,2,[],[]
1611,3,[],[]
1611,4,[],[]
1611,5,[],[]
1612,0,[],[]
1612,1,[],[]
1613,0,[],[]
1613,1,[],[]
1613,2,[],[]
1613,3,[],[]
1613,4,[],[]
1613,5,[],[]
1613,6,[],[]
1613,7,[],[]
1614,0,[],[]
1614,1,[],[]
1614,2,[],[]
1614,3,[],[]
1614,4,[],[]
1614,5,[],[]
1614,6,[],[]
1614,7,[],[]
1614,8,[],[]
1615,0,[],[]
1615,1,[],[]
1615,2,[],[]
1615,3,[],[]
1615,4,[],[]
1616,0,[],[]
1616,1,[],[]
1616,2,[],[]
1616,3,[],[]
1616,4,[],[]
1616,5,[],[]
1616,6,[],[]
1616,7,[],[]
1617,0,[],[]
1617,1,[],[]
1617,2,[],[]
1617,3,[],[]
1617,4,[],[]
1617,5,[],[]
1617,6,[],[]
1617,7,[],[]
1618,0,[],[]
1618,1,[],[]
1618,2,[],[]
1618,3,[],[]
1618,4,[],[]
1619,0,[],[]
1619,1,[],[]
1621,0,[],[]
1621,1,[],[]
1621,2,[],[]
1621,3,[],[]
1623,0,[],[]
1623,1,[],[]
1623,2,[],[]
1623,3,[],[]
1624,0,[],[]
1624,1,[],[]
1624,2,[],[]
1624,3,[],[]
1625,0,[],[]
1625,1,[],[]
1625,2,[],[]
1625,3,[],[]
1625,4,[],[]
1625,5,[],[]
1625,6,[],[]
1625,7,[],[]
1625,8,[],[]
1626,0,[],[]
1626,1,[],[]
1626,2,[],[]
1626,3,[],[]
1626,4,[],[]
1626,5,[],[]
1626,6,[],[]
1626,7,[],[]
1627,0,[],[]
1627,1,[],[]
1628,0,[],[]
1628,1,[],[]
1628,2,[],[]
1628,3,[],[]
1629,0,[],[]
1629,1,[],[]
1629,2,[],[]
1629,3,[],[]
1630,0,[],[]
1630,1,[],[]
1630,2,[],[]
1631,0,[],[]
1631,1,[],[]
1631,2,[],[]
1632,0,[],[]
1632,1,[],[]
1632,2,[],[]
1632,3,[],[]
1632,4,[],[]
1632,5,[],[]
1632,6,[],[]
1633,0,[],[]
1633,1,[],[]
1633,2,[],[]
1633,3,[],[]
1634,0,[],[]
1634,1,[],[]
1634,2,[],[]
1634,3,[],[]
1634,4,[],[]
1635,0,[],[]
1635,1,[],[]
1635,2,[],[]
1636,0,[],[]
1636,1,[],[]
1636,2,[],[]
1636,3,[],[]
1636,4,[],[]
1636,5,[],[]
1637,0,[],[]
1637,1,[],[]
1637,2,[],[]
1637,3,[],[]
1637,4,[],[]
1637,5,[],[]
1638,0,[],[]
1638,1,[],[]
1638,2,[],[]
1639,0,[],[]
1639,1,[],[]
1639,2,[],[]
1639,3,[],[]
1639,4,[],[]
1640,0,[],[]
1640,1,[],[]
1640,2,[],[]
1641,0,[],[]
1641,1,[],[]
1641,2,[],[]
1641,3,[],[]
1641,4,[],[]
1641,5,[],[]
1641,6,[],[]
1642,0,[],[]
1642,1,[],[]
1642,2,[],[]
1642,3,[],[]
1642,4,[],[]
1642,5,[],[]
1643,0,[],[]
1643,1,[],[]
1643,2,[],[]
1643,3,[],[]
1643,4,[],[]
1643,5,[],[]
1643,6,[],[]
1643,7,[],[]
1643,8,[],[]
1643,9,[],[]
1643,10,[],[]
1643,11,[],[]
1643,12,[],[]
1643,13,[],[]
1643,14,[],[]
1643,15,[],[]
1643,16,[],[]
1643,17,[],[]
1643,18,[],[]
1643,19,[],[]
1643,20,[],[]
1643,21,[],[]
1643,22,[],[]
1643,23,[],[]
1643,24,[],[]
1643,25,[],[]
1643,26,[],[]
1643,27,[],[]
1643,28,[],[]
1643,29,[],[]
1643,30,[],[]
1643,31,[],[]
1643,32,[],[]
1643,33,[],[]
1643,34,[],[]
1643,35,[],[]
1643,36,[],[]
1643,37,[],[]
1644,0,[],[]
1645,0,[],[]
1645,1,[],[]
1645,2,[],[]
1645,3,[],[]
1646,0,[],[]
1646,1,[],[]
1647,0,[],[]
1647,1,[],[]
1647,2,[],[]
1648,0,[],[]
1648,1,[],[]
1648,2,[],[]
1649,0,[],[]
1651,0,[],[]
1651,1,[],[]
1651,2,[],[]
1651,3,[],[]
1651,4,[],[]
1651,5,[],[]
1651,6,[],[]
1652,0,[],[]
1652,1,[],[]
1652,2,[],[]
1652,3,[],[]
1652,4,[],[]
1653,0,[],[]
1653,1,[],[]
1653,2,[],[]
1654,0,[],[]
1654,1,[],[]
1654,2,[],[]
1654,3,[],[]
1655,0,[],[]
1655,1,[],[]
1656,0,[],[]
1656,1,[],[]
1656,2,[],[]
1656,3,[],[]
1658,0,[],[]
1658,1,[],[]
1658,2,[],[]
1658,3,[],[]
1659,0,[],[]
1659,1,[],[]
1659,2,[],[]
1659,3,[],[]
1660,0,[],[]
1660,1,[],[]
1660,2,[],[]
1660,3,[],[]
1660,4,[],[]
1660,5,[],[]
1660,6,[],[]
1661,0,[],[]
1661,1,[],[]
1662,0,[],[]
1662,1,[],[]
1662,2,[],[]
1662,3,[],[]
1663,0,[],[]
1663,1,[],[]
1664,0,[],[]
1664,1,[],[]
1665,0,[],[]
1665,1,[],[]
1666,0,[],[]
1666,1,[],[]
1666,2,[],[]
1666,3,[],[]
1666,4,[],[]
1666,5,[],[]
1666,6,[],[]
1666,7,[],[]
1666,8,[],[]
1666,9,[],[]
1666,10,[],[]
1666,11,[],[]
1667,0,[],[]
1667,1,[],[]
1667,2,[],[]
1667,3,[],[]
1667,4,[],[]
1667,5,[],[]
1667,6,[],[]
1668,0,[],[]
1668,1,[],[]
1668,2,[],[]
1668,3,[],[]
1668,4,[],[]
1668,5,[],[]
1668,6,[],[]
1668,7,[],[]
1668,8,[],[]
1668,9,[],[]
1668,10,[],[]
1668,11,[],[]
1668,12,[],[]
1668,13,[],[]
1668,14,[],[]
1668,15,[],[]
1668,16,[],[]
1668,17,[],[]
1668,18,[],[]
1668,19,[],[]
1668,20,[],[]
1668,21,[],[]
1668,22,[],[]
1668,23,[],[]
1668,24,[],[]
1668,25,[],[]
1669,0,[],[]
1669,1,[],[]
1669,2,[],[]
1669,3,[],[]
1669,4,[],[]
1669,5,[],[]
1670,0,[],[]
1670,1,[],[]
1670,2,[],[]
1670,3,[],[]
1670,4,[],[]
1670,5,[],[]
1671,0,[],[]
1672,0,[],[]
1672,1,[],[]
1672,2,[],[]
1672,3,[],[]
1672,4,[],[]
1672,5,[],[]
1672,6,[],[]
1673,0,[],[]
1673,1,[],[]
1673,2,[],[]
1673,3,[],[]
1673,4,[],[]
1674,0,[],[]
1674,1,[],[]
1674,2,[],[]
1675,0,[],[]
1675,1,[],[]
1675,2,[],[]
1675,3,[],[]
1675,4,[],[]
1675,5,[],[]
1675,6,[],[]
1675,7,[],[]
1676,0,[],[]
1676,1,[],[]
1676,2,[],[]
1677,0,[],[]
1677,1,[],[]
1677,2,[],[]
1677,3,[],[]
1677,4,[],[]
1677,5,[],[]
1677,6,[],[]
1678,0,[],[]
1678,1,[],[]
1678,2,[],[]
1678,3,[],[]
1678,4,[],[]
1678,5,[],[]
1678,6,[],[]
1678,7,[],[]
1679,0,[],[]
1679,1,[],[]
1680,0,[],[]
1680,1,[],[]
1680,2,[],[]
1680,3,[],[]
1680,4,[],[]
1680,5,[],[]
1681,0,[],[]
1681,1,[],[]
1681,2,[],[]
1681,3,[],[]
1681,4,[],[]
1681,5,[],[]
1681,6,[],[]
1681,7,[],[]
1682,0,[],[]
1682,1,[],[]
1682,2,[],[]
1685,0,[],[]
1685,1,[],[]
1685,2,[],[]
1685,3,[],[]
1685,4,[],[]
1685,5,[],[]
1685,6,[],[]
1685,7,[],[]
1687,0,[],[]
1687,1,[],[]
1688,0,[],[]
1688,1,[],[]
1689,0,[],[]
1689,1,[],[]
1689,2,[],[]
1689,3,[],[]
1690,0,[],[]
1690,1,[],[]
1690,2,[],[]
1690,3,[],[]
1690,4,[],[]
1690,5,[],[]
1690,6,[],[]
1691,0,[],[]
1691,1,[],[]
1691,2,[],[]
1691,3,[],[]
1691,4,[],[]
1691,5,[],[]
1691,6,[],[]
1692,0,[],[]
1692,1,[],[]
1692,2,[],[]
1692,3,[],[]
1692,4,[],[]
1692,5,[],[]
1693,0,[],[]
1693,1,[],[]
1693,2,[],[]
1693,3,[],[]
1693,4,[],[]
1693,5,[],[]
1693,6,[],[]
1693,7,[],[]
1694,0,[],[]
1694,1,[],[]
1694,2,[],[]
1694,3,[],[]
1694,4,[],[]
1694,5,[],[]
1694,6,[],[]
1694,7,[],[]
1694,8,[],[]
1695,0,[],[]
1695,1,[],[]
1695,2,[],[]
1695,3,[],[]
1695,4,[],[]
1695,5,[],[]
1695,6,[],[]
1696,0,[],[]
1696,1,[],[]
1697,0,[],[]
1697,1,[],[]
1697,2,[],[]
1698,0,[],[]
1698,1,[],[]
1698,2,[],[]
1698,3,[],[]
1699,0,[],[]
1700,0,[],[]
1700,1,[],[]
1701,0,[],[]
1701,1,[],[]
1701,2,[],[]
1702,0,[],[]
1702,1,[],[]
1703,0,[],[]
1703,1,[],[]
1703,2,[],[]
1703,3,[],[]
1703,4,[],[]
1703,5,[],[]
1703,6,[],[]
1704,0,[],[]
1704,1,[],[]
1704,2,[],[]
1704,3,[],[]
1704,4,[],[]
1704,5,[],[]
1704,6,[],[]
1705,0,[],[]
1705,1,[],[]
1705,2,[],[]
1705,3,[],[]
1705,4,[],[]
1705,5,[],[]
1705,6,[],[]
1705,7,[],[]
1705,8,[],[]
1705,9,[],[]
1705,10,[],[]
1706,0,[],[]
1706,1,[],[]
1707,0,[],[]
1707,1,[],[]
1707,2,[],[]
1707,3,[],[]
1707,4,[],[]
1707,5,[],[]
1707,6,[],[]
1707,7,[],[]
1707,8,[],[]
1708,0,[],[]
1708,1,[],[]
1708,2,[],[]
1708,3,[],[]
1708,4,[],[]
1708,5,[],[]
1709,0,[],[]
1709,1,[],[]
1710,0,[],[]
1710,1,[],[]
1710,2,[],[]
1710,3,[],[]
1710,4,[],[]
1711,0,[],[]
1711,1,[],[]
1711,2,[],[]
1711,3,[],[]
1711,4,[],[]
1711,5,[],[]
1712,0,[],[]
1712,1,[],[]
1712,2,[],[]
1712,3,[],[]
1712,4,[],[]
1712,5,[],[]
1712,6,[],[]
1713,0,[],[]
1713,1,[],[]
1713,2,[],[]
1713,3,[],[]
1713,4,[],[]
1713,5,[],[]
1713,6,[],[]
1713,7,[],[]
1713,8,[],[]
1713,9,[],[]
1714,0,[],[]
1714,1,[],[]
1714,2,[],[]
1714,3,[],[]
1714,4,[],[]
1714,5,[],[]
1714,6,[],[]
1715,0,[],[]
1715,1,[],[]
1715,2,[],[]
1716,0,[],[]
1716,1,[],[]
1716,2,[],[]
1716,3,[],[]
1716,4,[],[]
1716,5,[],[]
1716,6,[],[]
1716,7,[],[]
1716,8,[],[]
1717,0,[],[]
1717,1,[],[]
1717,2,[],[]
1717,3,[],[]
1717,4,[],[]
1717,5,[],[]
1717,6,[],[]
1717,7,[],[]
1717,8,[],[]
1718,0,[],[]
1718,1,[],[]
1718,2,[],[]
1718,3,[],[]
1718,4,[],[]
1718,5,[],[]
1718,6,[],[]
1718,7,[],[]
1718,8,[],[]
1718,9,[],[]
1718,10,[],[]
1718,11,[],[]
1718,12,[],[]
1719,0,[],[]
1719,1,[],[]
1719,2,[],[]
1719,3,[],[]
1719,4,[],[]
1719,5,[],[]
1719,6,[],[]
1719,7,[],[]
1720,0,[],[]
1720,1,[],[]
1720,2,[],[]
1720,3,[],[]
1720,4,[],[]
1721,0,[],[]
1721,1,[],[]
1721,2,[],[]
1722,0,[],[]
1722,1,[],[]
1723,0,[],[]
1723,1,[],[]
1723,2,[],[]
1723,3,[],[]
1723,4,[],[]
1724,0,[],[]
1725,0,[],[]
1725,1,[],[]
1725,2,[],[]
1725,3,[],[]
1725,4,[],[]
1725,5,[],[]
1725,6,[],[]
1725,7,[],[]
1726,0,[],[]
1726,1,[],[]
1726,2,[],[]
1726,3,[],[]
1726,4,[],[]
1726,5,[],[]
1727,0,[],[]
1727,1,[],[]
1727,2,[],[]
1727,3,[],[]
1727,4,[],[]
1727,5,[],[]
1728,0,[],[]
1728,1,[],[]
1729,0,[],[]
1729,1,[],[]
1729,2,[],[]
1730,0,[],[]
1730,1,[],[]
1730,2,[],[]
1730,3,[],[]
1731,0,[],[]
1731,1,[],[]
1731,2,[],[]
1731,3,[],[]
1731,4,[],[]
1731,5,[],[]
1731,6,[],[]
1731,7,[],[]
1731,8,[],[]
1731,9,[],[]
1731,10,[],[]
1732,0,[],[]
1732,1,[],[]
1732,2,[],[]
1732,3,[],[]
1732,4,[],[]
1732,5,[],[]
1732,6,[],[]
1732,7,[],[]
1732,8,[],[]
1732,9,[],[]
1732,10,[],[]
1732,11,[],[]
1732,12,[],[]
1733,0,[],[]
1733,1,[],[]
1733,2,[],[]
1733,3,[],[]
1733,4,[],[]
1733,5,[],[]
1734,0,[],[]
1734,1,[],[]
1735,0,[],[]
1735,1,[],[]
1735,2,[],[]
1735,3,[],[]
1735,4,[],[]
1735,5,[],[]
1736,0,[],[]
1736,1,[],[]
1736,2,[],[]
1736,3,[],[]
1736,4,[],[]
1736,5,[],[]
1736,6,[],[]
1737,0,[],[]
1737,1,[],[]
1737,2,[],[]
1737,3,[],[]
1737,4,[],[]
1737,5,[],[]
1737,6,[],[]
1737,7,[],[]
1737,8,[],[]
1737,9,[],[]
1737,10,[],[]
1737,11,[],[]
1737,12,[],[]
1738,0,[],[]
1738,1,[],[]
1739,0,[],[]
1739,1,[],[]
1739,2,[],[]
1739,3,[],[]
1740,0,[],[]
1740,1,[],[]
1740,2,[],[]
1740,3,[],[]
1740,4,[],[]
1740,5,[],[]
1741,0,[],[]
1741,1,[],[]
1741,2,[],[]
1741,3,[],[]
1742,0,[],[]
1742,1,[],[]
1742,2,[],[]
1742,3,[],[]
1742,4,[],[]
1742,5,[],[]
1742,6,[],[]
1742,7,[],[]
1743,0,[],[]
1743,1,[],[]
1743,2,[],[]
1743,3,[],[]
1743,4,[],[]
1743,5,[],[]
1744,0,[],[]
1744,1,[],[]
1745,0,[],[]
1746,0,[],[]
1746,1,[],[]
1747,0,[],[]
1747,1,[],[]
1747,2,[],[]
1747,3,[],[]
1748,0,[],[]
1748,1,[],[]
1748,2,[],[]
1748,3,[],[]
1748,4,[],[]
1750,0,[],[]
1750,1,[],[]
1750,2,[],[]
1750,3,[],[]
1750,4,[],[]
1750,5,[],[]
1750,6,[],[]
1750,7,[],[]
1750,8,[],[]
1750,9,[],[]
1750,10,[],[]
1750,11,[],[]
1750,12,[],[]
1751,0,[],[]
1751,1,[],[]
1751,2,[],[]
1751,3,[],[]
1752,0,[],[]
1752,1,[],[]
1752,2,[],[]
1752,3,[],[]
1753,0,[],[]
1753,1,[],[]
1753,2,[],[]
1754,0,[],[]
1754,1,[],[]
1754,2,[],[]
1754,3,[],[]
1754,4,[],[]
1754,5,[],[]
1754,6,[],[]
1754,7,[],[]
1754,8,[],[]
1754,9,[],[]
1754,10,[],[]
1754,11,[],[]
1755,0,[],[]
1755,1,[],[]
1755,2,[],[]
1755,3,[],[]
1756,0,[],[]
1756,1,[],[]
1756,2,[],[]
1756,3,[],[]
1756,4,[],[]
1756,5,[],[]
1756,6,[],[]
1756,7,[],[]
1756,8,[],[]
1756,9,[],[]
1756,10,[],[]
1756,11,[],[]
1757,0,[],[]
1757,1,[],[]
1757,2,[],[]
1757,3,[],[]
1757,4,[],[]
1757,5,[],[]
1758,0,[],[]
1758,1,[],[]
1758,2,[],[]
1758,3,[],[]
1759,0,[],[]
1759,1,[],[]
1759,2,[],[]
1759,3,[],[]
1759,4,[],[]
1759,5,[],[]
1759,6,[],[]
1759,7,[],[]
1759,8,[],[]
1759,9,[],[]
1759,10,[],[]
1759,11,[],[]
1759,12,[],[]
1759,13,[],[]
1759,14,[],[]
1759,15,[],[]
1759,16,[],[]
1759,17,[],[]
1759,18,[],[]
1759,19,[],[]
1759,20,[],[]
1759,21,[],[]
1759,22,[],[]
1759,23,[],[]
1759,24,[],[]
1759,25,[],[]
1759,26,[],[]
1759,27,[],[]
1759,28,[],[]
1759,29,[],[]
1759,30,[],[]
1759,31,[],[]
1759,32,[],[]
1759,33,[],[]
1759,34,[],[]
1760,0,[],[]
1760,1,[],[]
1760,2,[],[]
1760,3,[],[]
1760,4,[],[]
1760,5,[],[]
1760,6,[],[]
1762,0,[],[]
1762,1,[],[]
1762,2,[],[]
1763,0,[],[]
1763,1,[],[]
1763,2,[],[]
1763,3,[],[]
1763,4,[],[]
1763,5,[],[]
1763,6,[],[]
1763,7,[],[]
1763,8,[],[]
1763,9,[],[]
1764,0,[],[]
1764,1,[],[]
1765,0,[],[]
1765,1,[],[]
1766,0,[],[]
1766,1,[],[]
1766,2,[],[]
1766,3,[],[]
1766,4,[],[]
1766,5,[],[]
1766,6,[],[]
1766,7,[],[]
1766,8,[],[]
1766,9,[],[]
1767,0,[],[]
1767,1,[],[]
1767,2,[],[]
1767,3,[],[]
1767,4,[],[]
1767,5,[],[]
1767,6,[],[]
1767,7,[],[]
1768,0,[],[]
1768,1,[],[]
1768,2,[],[]
1769,0,[],[]
1769,1,[],[]
1769,2,[],[]
1769,3,[],[]
1770,0,[],[]
1770,1,[],[]
1770,2,[],[]
1770,3,[],[]
1771,0,[],[]
1772,0,[],[]
1772,1,[],[]
1772,2,[],[]
1773,0,[],[]
1773,1,[],[]
1773,2,[],[]
1773,3,[],[]
1773,4,[],[]
1774,0,[],[]
1774,1,[],[]
1774,2,[],[]
1775,0,[],[]
1775,1,[],[]
1775,2,[],[]
1775,3,[],[]
1775,4,[],[]
1775,5,[],[]
1775,6,[],[]
1775,7,[],[]
1775,8,[],[]
1775,9,[],[]
1775,10,[],[]
1775,11,[],[]
1775,12,[],[]
1775,13,[],[]
1775,14,[],[]
1775,15,[],[]
1775,16,[],[]
1775,17,[],[]
1775,18,[],[]
1775,19,[],[]
1776,0,[],[]
1777,0,[],[]
1778,0,[],[]
1778,1,[],[]
1778,2,[],[]
1778,3,[],[]
1780,0,[],[]
1780,1,[],[]
1781,0,[],[]
1782,0,[],[]
1782,1,[],[]
1782,2,[],[]
1782,3,[],[]
1783,0,[],[]
1783,1,[],[]
1783,2,[],[]
1783,3,[],[]
1783,4,[],[]
1783,5,[],[]
1783,6,[],[]
1784,0,[],[]
1784,1,[],[]
1784,2,[],[]
1784,3,[],[]
1784,4,[],[]
1784,5,[],[]
1784,6,[],[]
1784,7,[],[]
1784,8,[],[]
1784,9,[],[]
1784,10,[],[]
1784,11,[],[]
1785,0,[],[]
1785,1,[],[]
1785,2,[],[]
1785,3,[],[]
1786,0,[],[]
1786,1,[],[]
1786,2,[],[]
1786,3,[],[]
1787,0,[],[]
1787,1,[],[]
1788,0,[],[]
1788,1,[],[]
1788,2,[],[]
1788,3,[],[]
1789,0,[],[]
1789,1,[],[]
1789,2,[],[]
1789,3,[],[]
1789,4,[],[]
1789,5,[],[]
1789,6,[],[]
1789,7,[],[]
1789,8,[],[]
1789,9,[],[]
1789,10,[],[]
1789,11,[],[]
1789,12,[],[]
1789,13,[],[]
1789,14,[],[]
1789,15,[],[]
1789,16,[],[]
1789,17,[],[]
1789,18,[],[]
1789,19,[],[]
1789,20,[],[]
1789,21,[],[]
1789,22,[],[]
1789,23,[],[]
1789,24,[],[]
1789,25,[],[]
1790,0,[],[]
1790,1,[],[]
1791,0,[],[]
1791,1,[],[]
1791,2,[],[]
1791,3,[],[]
1791,4,[],[]
1791,5,[],[]
1791,6,[],[]
1792,0,[],[]
1792,1,[],[]
1792,2,[],[]
1792,3,[],[]
1793,0,[],[]
1793,1,[],[]
1793,2,[],[]
1793,3,[],[]
1793,4,[],[]
1793,5,[],[]
1793,6,[],[]
1793,7,[],[]
1793,8,[],[]
1793,9,[],[]
1793,10,[],[]
1794,0,[],[]
1794,1,[],[]
1794,2,[],[]
1795,0,[],[]
1795,1,[],[]
1795,2,[],[]
1795,3,[],[]
1795,4,[],[]
1796,0,[],[]
1796,1,[],[]
1796,2,[],[]
1796,3,[],[]
1796,4,[],[]
1796,5,[],[]
1796,6,[],[]
1797,0,[],[]
1797,1,[],[]
1797,2,[],[]
1797,3,[],[]
1797,4,[],[]
1797,5,[],[]
1797,6,[],[]
1797,7,[],[]
1797,8,[],[]
1797,9,[],[]
1797,10,[],[]
1797,11,[],[]
1797,12,[],[]
1798,0,[],[]
1798,1,[],[]
1798,2,[],[]
1798,3,[],[]
1798,4,[],[]
1799,0,[],[]
1799,1,[],[]
1799,2,[],[]
1800,0,[],[]
1800,1,[],[]
1800,2,[],[]
